time,Backup:backupCopyFilesCount,Backup:backupCopyFilesMs,BtreeOp:nBinDeltaDelete,BtreeOp:nBinDeltaGet,BtreeOp:nBinDeltaInsert,BtreeOp:nBinDeltaUpdate,BtreeOp:nRootSplits,BtreeOp:relatchesRequired,Cache:DOSBytes,Cache:adminBytes,Cache:cacheTotalBytes,Cache:dataBytes,Cache:lockBytes,Cache:lruDirtySize,Cache:lruMixedSize,Cache:nBINDeltasFetchMiss,Cache:nBINsFetch,Cache:nBINsFetchMiss,Cache:nBINsFetchMissRatio,Cache:nBinDeltaBlindOps,Cache:nBytesEvictedCACHEMODE,Cache:nBytesEvictedCRITICAL,Cache:nBytesEvictedDAEMON,Cache:nBytesEvictedEVICTORTHREAD,Cache:nBytesEvictedMANUAL,Cache:nCachedBINDeltas,Cache:nCachedBINs,Cache:nCachedUpperINs,Cache:nDirtyNodesEvicted,Cache:nEvictionRuns,Cache:nFullBINsMiss,Cache:nINCompactKey,Cache:nINNoTarget,Cache:nINSparseTarget,Cache:nLNsEvicted,Cache:nLNsFetch,Cache:nLNsFetchMiss,Cache:nNodesEvicted,Cache:nNodesMovedToDirtyLRU,Cache:nNodesMutated,Cache:nNodesPutBack,Cache:nNodesSkipped,Cache:nNodesStripped,Cache:nNodesTargeted,Cache:nRootNodesEvicted,Cache:nSharedCacheEnvironments,Cache:nThreadUnavailable,Cache:nUpperINsFetch,Cache:nUpperINsFetchMiss,Cache:sharedCacheTotalBytes,Checkpoints:lastCheckpointEnd,Checkpoints:lastCheckpointId,Checkpoints:lastCheckpointInterval,Checkpoints:lastCheckpointStart,Checkpoints:nCheckpoints,Checkpoints:nDeltaINFlush,Checkpoints:nFullBINFlush,Checkpoints:nFullINFlush,Cleaning:activeLogSize,Cleaning:availableLogSize,Cleaning:maxPredictedUtilization,Cleaning:maxUtilization,Cleaning:minPredictedUtilization,Cleaning:minUtilization,Cleaning:nBINDeltasCleaned,Cleaning:nBINDeltasDead,Cleaning:nBINDeltasMigrated,Cleaning:nBINDeltasObsolete,Cleaning:nCleanerDeletions,Cleaning:nCleanerDisksReads,Cleaning:nCleanerEntriesRead,Cleaning:nCleanerRuns,Cleaning:nINsCleaned,Cleaning:nINsDead,Cleaning:nINsMigrated,Cleaning:nINsObsolete,Cleaning:nLNQueueHits,Cleaning:nLNsCleaned,Cleaning:nLNsDead,Cleaning:nLNsExpired,Cleaning:nLNsExtinct,Cleaning:nLNsLocked,Cleaning:nLNsMarked,Cleaning:nLNsMigrated,Cleaning:nLNsObsolete,Cleaning:nPendingDBsIncomplete,Cleaning:nPendingDBsProcessed,Cleaning:nPendingLNsLocked,Cleaning:nPendingLNsProcessed,Cleaning:nRevisalRuns,Cleaning:nTwoPassRuns,Cleaning:pendingDBQueueSize,Cleaning:pendingLNQueueSize,Cleaning:protectedLogSize,Cleaning:protectedLogSizeMap,Cleaning:reservedLogSize,Cleaning:totalLogSize,Environment:environmentCreationTime,Eraser:eraserCycleEnd,Eraser:eraserCycleStart,Eraser:eraserFSyncs,Eraser:eraserFilesAlreadyDeleted,Eraser:eraserFilesDeleted,Eraser:eraserFilesErased,Eraser:eraserFilesRemaining,Eraser:eraserReadBytes,Eraser:eraserReads,Eraser:eraserWriteBytes,Eraser:eraserWrites,I/O:bufferBytes,I/O:endOfLog,I/O:fSync95Ms,I/O:fSync99Ms,I/O:fSyncAvgMs,I/O:fSyncMaxMs,I/O:nBytesReadFromWriteQueue,I/O:nBytesWrittenFromWriteQueue,I/O:nCacheMiss,I/O:nFSyncRequests,I/O:nFSyncs,I/O:nFileOpens,I/O:nGroupCommitRequests,I/O:nGrpCommitTimeouts,I/O:nLogBuffers,I/O:nLogFSyncs,I/O:nNoFreeBuffer,I/O:nNotResident,I/O:nOpenFiles,I/O:nRandomReadBytes,I/O:nRandomReads,I/O:nRandomWriteBytes,I/O:nRandomWrites,I/O:nReadsFromWriteQueue,I/O:nRepeatFaultReads,I/O:nRepeatIteratorReads,I/O:nSequentialReadBytes,I/O:nSequentialReads,I/O:nSequentialWriteBytes,I/O:nSequentialWrites,I/O:nTempBufferWrites,I/O:nWriteQueueOverflow,I/O:nWriteQueueOverflowFailures,I/O:nWritesFromWriteQueue,Jvm:G1 Old Generation.count,Jvm:G1 Old Generation.time,Jvm:G1 Young Generation.count,Jvm:G1 Young Generation.time,Jvm:heap,Jvm:loadAverage,Locks:nLatchAcquireNoWaitUnsuccessful,Locks:nLatchAcquiresNoWaitSuccessful,Locks:nLatchAcquiresNoWaiters,Locks:nLatchAcquiresSelfOwned,Locks:nLatchAcquiresWithContention,Locks:nLatchReleases,Locks:nRequests,Locks:nWaits,Node Compression:cursorsBins,Node Compression:dbClosedBins,Node Compression:inCompQueueSize,Node Compression:nonEmptyBins,Node Compression:processedBins,Node Compression:splitBins,OffHeap:offHeapAllocFailure,OffHeap:offHeapAllocOverflow,OffHeap:offHeapBINsLoaded,OffHeap:offHeapBINsStored,OffHeap:offHeapCachedBINDeltas,OffHeap:offHeapCachedBINs,OffHeap:offHeapCachedLNs,OffHeap:offHeapCriticalNodesTargeted,OffHeap:offHeapDirtyNodesEvicted,OffHeap:offHeapLNsEvicted,OffHeap:offHeapLNsLoaded,OffHeap:offHeapLNsStored,OffHeap:offHeapLruSize,OffHeap:offHeapNodesEvicted,OffHeap:offHeapNodesMutated,OffHeap:offHeapNodesSkipped,OffHeap:offHeapNodesStripped,OffHeap:offHeapNodesTargeted,OffHeap:offHeapThreadUnavailable,OffHeap:offHeapTotalBlocks,OffHeap:offHeapTotalBytes,Op:priDelete,Op:priDeleteFail,Op:priInsert,Op:priInsertFail,Op:priPosition,Op:priSearch,Op:priSearchFail,Op:priUpdate,Op:secDelete,Op:secInsert,Op:secPosition,Op:secSearch,Op:secSearchFail,Op:secUpdate,TaskCoordinator:nApplicationPermits,TaskCoordinator:nDeficitPermits,TaskCoordinator:nRealPermits
2023-12-19 09:40:45.286 UTC, , , , , , , , , ,125,3160029,14040,136, ,3, ,12, , , , , , , , , ,3,3, , , , ,1,3, , , , , , , , , , , , , , , , ,1377,1,744,744,1, ,2,4,1427,76673953792,-1,-1,-1,-1, , , , , ,1,12, , , , , , , , , , , , , , , , , , , , , , , , , ,1427,1702978845261,,, , , , , , , , , ,3145728,1377,1,1,0,1, , , ,4,4,3,5, ,3,5, , , , , ,38,1, , , ,12288,3,1389,5, , , , , , ,17,20,143668408,-1, , , , , , ,12, , , , , , , , , , , , , , , , , , , , , , , , , , , , , , , , , , , , , , , , , , , , , 
2023-12-19 09:41:45.287 UTC, , , , , , , , , ,589,3279013,131800,896, ,10, ,4775, , , , , , , , , ,10,10, , , ,1,2,12, ,4722, , , , , , , , , , , , , , ,1377,1,744,744, , , , ,107220,76768309248,72,72,72,72, , , , , , , , , , , , , , , , , , , , , , , , , , , , , , , , ,107220,1702978845261,,, , , , , , , , , ,3145728,107191,1,2,0,2, , , ,99,99,2,99, ,3,101, , , , , , , , , , ,4096,2,105793,101, , , , , , ,11,19,69564456,-1, , , , , , ,5122, , , , , ,1, , , , , , , , , , , , , , , , , , , , , , ,29, ,183, ,360,4248,276,1, , , , , , , , , 
2023-12-19 09:42:45.290 UTC, , , , , , , , , ,589,3279013,131800,896, ,10, ,42, , , , , , , , , ,10,10, , , ,1,2,12, ,42, , , , , , , , , , , , , , ,1377,1,744,744, , , , ,107220,76748361728,72,72,72,72, , , , , , , , , , , , , , , , , , , , , , , , , , , , , , , , ,107220,1702978845261,,, , , , , , , , , ,3145728,107191,0,0,0,0, , , , , , , , ,3,1, , , , , , , , , , , , , , , , , , , , ,1,5,61484112,-1, , , , , , ,42, , , , , , , , , , , , , , , , , , , , , , , , , , , , , , , , , , ,42, , , , , , , , , , 
2023-12-19 09:43:45.302 UTC, , , , , , , , , ,589,3279013,131800,896, ,10, , , , , , , , , , , ,10,10, , , ,1,2,12, , , , , , , , , , , , , , , , ,1377,1,744,744, , , , ,107220,76744826880,72,72,72,72, , , , , , , , , , , , , , , , , , , , , , , , , , , , , , , , ,107220,1702978845261,,, , , , , , , , , ,3145728,107191, , , , , , , , , , , , ,3, , , , , , , , , , , , , , , , , , , , , , , ,63581264,-1, , , , , , , , , , , , , , , , , , , , , , , , , , , , , , , , , , , , , , , , , , , , , , , , , , , , 
2023-12-19 09:44:45.305 UTC, , , , , , , , , ,589,3279013,131800,896, ,10, , , , , , , , , , , ,10,10, , , ,1,2,12, , , , , , , , , , , , , , , , ,1377,1,744,744, , , , ,107220,76701581312,72,72,72,72, , , , , , , , , , , , , , , , , , , , , , , , , , , , , , , , ,107220,1702978845261,,, , , , , , , , , ,3145728,107191, , , , , , , , , , , , ,3, , , , , , , , , , , , , , , , , , , , , , , ,65678416,-1, , , , , , , , , , , , , , , , , , , , , , , , , , , , , , , , , , , , , , , , , , , , , , , , , , , , 
2023-12-19 09:45:45.311 UTC, , , , , , , , , ,589,3279013,131800,896, ,10, , , , , , , , , , , ,10,10, , , ,1,2,12, , , , , , , , , , , , , , , , ,1377,1,744,744, , , , ,107220,76701245440,72,72,72,72, , , , , , , , , , , , , , , , , , , , , , , , , , , , , , , , ,107220,1702978845261,,, , , , , , , , , ,3145728,107191, , , , , , , , , , , , ,3, , , , , , , , , , , , , , , , , , , , , , , ,69872720,-1, , , , , , , , , , , , , , , , , , , , , , , , , , , , , , , , , , , , , , , , , , , , , , , , , , , , 
2023-12-19 09:46:45.334 UTC, , , , , , , , , ,589,3279013,131800,896, ,10, ,14, , , , , , , , , ,10,10, , , ,1,2,12, ,14, , , , , , , , , , , , , , ,1377,1,744,744, , , , ,107220,76701335552,72,72,72,72, , , , , , , , , , , , , , , , , , , , , , , , , , , , , , , , ,107220,1702978845261,,, , , , , , , , , ,3145728,107191,8,8,8,8, , , , , , , , ,3,1, , , , , , , , , , , , , , , , , , , , , , ,71969872,-1, , , , , , ,14, , , , , , , , , , , , , , , , , , , , , , , , , , , , , , , , , , ,14, , , , , , , , , , 
2023-12-19 09:47:45.342 UTC, , , , , , , , , ,589,3279013,131800,896, ,10, , , , , , , , , , , ,10,10, , , ,1,2,12, , , , , , , , , , , , , , , , ,1377,1,744,744, , , , ,107220,76716855296,72,72,72,72, , , , , , , , , , , , , , , , , , , , , , , , , , , , , , , , ,107220,1702978845261,,, , , , , , , , , ,3145728,107191, , , , , , , , , , , , ,3, , , , , , , , , , , , , , , , , , , , , , , ,74067024,-1, , , , , , , , , , , , , , , , , , , , , , , , , , , , , , , , , , , , , , , , , , , , , , , , , , , , 
2023-12-19 09:48:45.357 UTC, , , , , , , , , ,589,3279013,131800,896, ,10, , , , , , , , , , , ,10,10, , , ,1,2,12, , , , , , , , , , , , , , , , ,1377,1,744,744, , , , ,107220,76708392960,72,72,72,72, , , , , , , , , , , , , , , , , , , , , , , , , , , , , , , , ,107220,1702978845261,,, , , , , , , , , ,3145728,107191, , , , , , , , , , , , ,3, , , , , , , , , , , , , , , , , , , , , , , ,78261328,-1, , , , , , , , , , , , , , , , , , , , , , , , , , , , , , , , , , , , , , , , , , , , , , , , , , , , 
2023-12-19 09:49:45.369 UTC, , , , , , , , , ,589,3279013,131800,896, ,10, , , , , , , , , , , ,10,10, , , ,1,2,12, , , , , , , , , , , , , , , , ,1377,1,744,744, , , , ,107220,76706758656,72,72,72,72, , , , , , , , , , , , , , , , , , , , , , , , , , , , , , , , ,107220,1702978845261,,, , , , , , , , , ,3145728,107191, , , , , , , , , , , , ,3, , , , , , , , , , , , , , , , , , , , , , , ,78261328,-1, , , , , , , , , , , , , , , , , , , , , , , , , , , , , , , , , , , , , , , , , , , , , , , , , , , , 
2023-12-19 09:50:45.374 UTC, , , , , , , , , ,589,3279013,131800,896, ,10, , , , , , , , , , , ,10,10, , , ,1,2,12, , , , , , , , , , , , , , , , ,1377,1,744,744, , , , ,107220,76702932992,72,72,72,72, , , , , , , , , , , , , , , , , , , , , , , , , , , , , , , , ,107220,1702978845261,,, , , , , , , , , ,3145728,107191, , , , , , , , , , , , ,3, , , , , , , , , , , , , , , , , , , , , , , ,84552784,-1, , , , , , , , , , , , , , , , , , , , , , , , , , , , , , , , , , , , , , , , , , , , , , , , , , , , 
2023-12-19 09:51:45.374 UTC, , , , , , , , , ,589,3279013,131800,896, ,10, , , , , , , , , , , ,10,10, , , ,1,2,12, , , , , , , , , , , , , , , , ,1377,1,744,744, , , , ,107220,76689416192,72,72,72,72, , , , , , , , , , , , , , , , , , , , , , , , , , , , , , , , ,107220,1702978845261,,, , , , , , , , , ,3145728,107191, , , , , , , , , , , , ,3, , , , , , , , , , , , , , , , , , , , , , , ,88747088,-1, , , , , , , , , , , , , , , , , , , , , , , , , , , , , , , , , , , , , , , , , , , , , , , , , , , , 
2023-12-19 09:52:45.381 UTC, , , , , , , , , ,589,3279013,131800,896, ,10, , , , , , , , , , , ,10,10, , , ,1,2,12, , , , , , , , , , , , , , , , ,1377,1,744,744, , , , ,107220,76705107968,72,72,72,72, , , , , , , , , , , , , , , , , , , , , , , , , , , , , , , , ,107220,1702978845261,,, , , , , , , , , ,3145728,107191, , , , , , , , , , , , ,3, , , , , , , , , , , , , , , , , , , , , , , ,88747088,-1, , , , , , , , , , , , , , , , , , , , , , , , , , , , , , , , , , , , , , , , , , , , , , , , , , , , 
2023-12-19 09:53:45.396 UTC, , , , , , , , , ,589,3279013,131800,896, ,10, , , , , , , , , , , ,10,10, , , ,1,2,12, , , , , , , , , , , , , , , , ,1377,1,744,744, , , , ,107220,76702715904,72,72,72,72, , , , , , , , , , , , , , , , , , , , , , , , , , , , , , , , ,107220,1702978845261,,, , , , , , , , , ,3145728,107191, , , , , , , , , , , , ,3, , , , , , , , , , , , , , , , , , , , , , , ,92941392,-1, , , , , , , , , , , , , , , , , , , , , , , , , , , , , , , , , , , , , , , , , , , , , , , , , , , , 
2023-12-19 09:54:45.404 UTC, , , , , , , , , ,589,3279013,131800,896, ,10, , , , , , , , , , , ,10,10, , , ,1,2,12, , , , , , , , , , , , , , , , ,1377,1,744,744, , , , ,107220,76691648512,72,72,72,72, , , , , , , , , , , , , , , , , , , , , , , , , , , , , , , , ,107220,1702978845261,,, , , , , , , , , ,3145728,107191, , , , , , , , , , , , ,3, , , , , , , , , , , , , , , , , , , , , , , ,95038544,-1, , , , , , , , , , , , , , , , , , , , , , , , , , , , , , , , , , , , , , , , , , , , , , , , , , , , 
2023-12-19 09:55:45.415 UTC, , , , , , , , , ,589,3279013,131800,896, ,10, , , , , , , , , , , ,10,10, , , ,1,2,12, , , , , , , , , , , , , , , , ,1377,1,744,744, , , , ,107220,76691410944,72,72,72,72, , , , , , , , , , , , , , , , , , , , , , , , , , , , , , , , ,107220,1702978845261,,, , , , , , , , , ,3145728,107191, , , , , , , , , , , , ,3, , , , , , , , , , , , , , , , , , , , , , , ,97135696,-1, , , , , , , , , , , , , , , , , , , , , , , , , , , , , , , , , , , , , , , , , , , , , , , , , , , , 
2023-12-19 09:56:45.431 UTC, , , , , , , , , ,589,3279013,131800,896, ,10, , , , , , , , , , , ,10,10, , , ,1,2,12, , , , , , , , , , , , , , , , ,1377,1,744,744, , , , ,107220,76690903040,72,72,72,72, , , , , , , , , , , , , , , , , , , , , , , , , , , , , , , , ,107220,1702978845261,,, , , , , , , , , ,3145728,107191, , , , , , , , , , , , ,3, , , , , , , , , , , , , , , , , , , , , , , ,99232848,-1, , , , , , , , , , , , , , , , , , , , , , , , , , , , , , , , , , , , , , , , , , , , , , , , , , , , 
2023-12-19 09:57:45.436 UTC, , , , , , , , , ,589,3279013,131800,896, ,10, , , , , , , , , , , ,10,10, , , ,1,2,12, , , , , , , , , , , , , , , , ,1377,1,744,744, , , , ,107220,76690006016,72,72,72,72, , , , , , , , , , , , , , , , , , , , , , , , , , , , , , , , ,107220,1702978845261,,, , , , , , , , , ,3145728,107191, , , , , , , , , , , , ,3, , , , , , , , , , , , , , , , , , , , , , , ,101330000,-1, , , , , , , , , , , , , , , , , , , , , , , , , , , , , , , , , , , , , , , , , , , , , , , , , , , , 
2023-12-19 09:58:45.444 UTC, , , , , , , , , ,589,3279013,131800,896, ,10, , , , , , , , , , , ,10,10, , , ,1,2,12, , , , , , , , , , , , , , , , ,1377,1,744,744, , , , ,107220,76689416192,72,72,72,72, , , , , , , , , , , , , , , , , , , , , , , , , , , , , , , , ,107220,1702978845261,,, , , , , , , , , ,3145728,107191, , , , , , , , , , , , ,3, , , , , , , , , , , , , , , , , , , , , , , ,103427152,-1, , , , , , , , , , , , , , , , , , , , , , , , , , , , , , , , , , , , , , , , , , , , , , , , , , , , 
2023-12-19 09:59:45.450 UTC, , , , , , , , , ,589,3279013,131800,896, ,10, , , , , , , , , , , ,10,10, , , ,1,2,12, , , , , , , , , , , , , , , , ,1377,1,744,744, , , , ,107220,76689272832,72,72,72,72, , , , , , , , , , , , , , , , , , , , , , , , , , , , , , , , ,107220,1702978845261,,, , , , , , , , , ,3145728,107191, , , , , , , , , , , , ,3, , , , , , , , , , , , , , , , , , , , , , , ,103427152,-1, , , , , , , , , , , , , , , , , , , , , , , , , , , , , , , , , , , , , , , , , , , , , , , , , , , , 
2023-12-19 10:00:45.454 UTC, , , , , , , , , ,589,3279013,131800,896, ,10, , , , , , , , , , , ,10,10, , , ,1,2,12, , , , , , , , , , , , , , , , ,1377,1,744,744, , , , ,107220,76689240064,72,72,72,72, , , , , , , , , , , , , , , , , , , , , , , , , , , , , , , , ,107220,1702978845261,,, , , , , , , , , ,3145728,107191, , , , , , , , , , , , ,3, , , , , , , , , , , , , , , , , , , , , , , ,105524304,-1, , , , , , , , , , , , , , , , , , , , , , , , , , , , , , , , , , , , , , , , , , , , , , , , , , , , 
2023-12-19 10:01:45.469 UTC, , , , , , , , , ,589,3279013,131800,896, ,10, , , , , , , , , , , ,10,10, , , ,1,2,12, , , , , , , , , , , , , , , , ,1377,1,744,744, , , , ,107220,76688908288,72,72,72,72, , , , , , , , , , , , , , , , , , , , , , , , , , , , , , , , ,107220,1702978845261,,, , , , , , , , , ,3145728,107191, , , , , , , , , , , , ,3, , , , , , , , , , , , , , , , , , , , , , , ,109718608,-1, , , , , , , , , , , , , , , , , , , , , , , , , , , , , , , , , , , , , , , , , , , , , , , , , , , , 
2023-12-19 10:02:45.483 UTC, , , , , , , , , ,589,3279013,131800,896, ,10, , , , , , , , , , , ,10,10, , , ,1,2,12, , , , , , , , , , , , , , , , ,1377,1,744,744, , , , ,107220,76688900096,72,72,72,72, , , , , , , , , , , , , , , , , , , , , , , , , , , , , , , , ,107220,1702978845261,,, , , , , , , , , ,3145728,107191, , , , , , , , , , , , ,3, , , , , , , , , , , , , , , , , , , , , , , ,111815760,-1, , , , , , , , , , , , , , , , , , , , , , , , , , , , , , , , , , , , , , , , , , , , , , , , , , , , 
2023-12-19 10:03:45.495 UTC, , , , , , , , , ,589,3279013,131800,896, ,10, , , , , , , , , , , ,10,10, , , ,1,2,12, , , , , , , , , , , , , , , , ,1377,1,744,744, , , , ,107220,76688691200,72,72,72,72, , , , , , , , , , , , , , , , , , , , , , , , , , , , , , , , ,107220,1702978845261,,, , , , , , , , , ,3145728,107191, , , , , , , , , , , , ,3, , , , , , , , , , , , , , , , , , , , , , , ,113912912,-1, , , , , , , , , , , , , , , , , , , , , , , , , , , , , , , , , , , , , , , , , , , , , , , , , , , , 
2023-12-19 10:04:45.502 UTC, , , , , , , , , ,589,3279013,131800,896, ,10, , , , , , , , , , , ,10,10, , , ,1,2,12, , , , , , , , , , , , , , , , ,1377,1,744,744, , , , ,107220,76688244736,72,72,72,72, , , , , , , , , , , , , , , , , , , , , , , , , , , , , , , , ,107220,1702978845261,,, , , , , , , , , ,3145728,107191, , , , , , , , , , , , ,3, , , , , , , , , , , , , , , , , , , , , , , ,118107216,-1, , , , , , , , , , , , , , , , , , , , , , , , , , , , , , , , , , , , , , , , , , , , , , , , , , , , 
2023-12-19 10:05:45.513 UTC, , , , , , , , , ,589,3279013,131800,896, ,10, , , , , , , , , , , ,10,10, , , ,1,2,12, , , , , , , , , , , , , , , , ,1377,1,744,744, , , , ,107220,76688289792,72,72,72,72, , , , , , , , , , , , , , , , , , , , , , , , , , , , , , , , ,107220,1702978845261,,, , , , , , , , , ,3145728,107191, , , , , , , , , , , , ,3, , , , , , , , , , , , , , , , , , , , , , , ,118107216,-1, , , , , , , , , , , , , , , , , , , , , , , , , , , , , , , , , , , , , , , , , , , , , , , , , , , , 
2023-12-19 10:06:45.523 UTC, , , , , , , , , ,589,3279013,131800,896, ,10, , , , , , , , , , , ,10,10, , , ,1,2,12, , , , , , , , , , , , , , , , ,1377,1,744,744, , , , ,107220,76687581184,72,72,72,72, , , , , , , , , , , , , , , , , , , , , , , , , , , , , , , , ,107220,1702978845261,,, , , , , , , , , ,3145728,107191, , , , , , , , , , , , ,3, , , , , , , , , , , , , , , , , , , , , , , ,120204368,-1, , , , , , , , , , , , , , , , , , , , , , , , , , , , , , , , , , , , , , , , , , , , , , , , , , , , 
2023-12-19 10:07:45.537 UTC, , , , , , , , , ,589,3279013,131800,896, ,10, , , , , , , , , , , ,10,10, , , ,1,2,12, , , , , , , , , , , , , , , , ,1377,1,744,744, , , , ,107220,76687081472,72,72,72,72, , , , , , , , , , , , , , , , , , , , , , , , , , , , , , , , ,107220,1702978845261,,, , , , , , , , , ,3145728,107191, , , , , , , , , , , , ,3, , , , , , , , , , , , , , , , , , , , , , , ,122301520,-1, , , , , , , , , , , , , , , , , , , , , , , , , , , , , , , , , , , , , , , , , , , , , , , , , , , , 
2023-12-19 10:08:45.550 UTC, , , , , , , , , ,589,3279013,131800,896, ,10, , , , , , , , , , , ,10,10, , , ,1,2,12, , , , , , , , , , , , , , , , ,1377,1,744,744, , , , ,107220,76687040512,72,72,72,72, , , , , , , , , , , , , , , , , , , , , , , , , , , , , , , , ,107220,1702978845261,,, , , , , , , , , ,3145728,107191, , , , , , , , , , , , ,3, , , , , , , , , , , , , , , , , , , , , , , ,124398672,-1, , , , , , , , , , , , , , , , , , , , , , , , , , , , , , , , , , , , , , , , , , , , , , , , , , , , 
2023-12-19 10:09:45.553 UTC, , , , , , , , , ,589,3279013,131800,896, ,10, , , , , , , , , , , ,10,10, , , ,1,2,12, , , , , , , , , , , , , , , , ,1377,1,744,744, , , , ,107220,76687253504,72,72,72,72, , , , , , , , , , , , , , , , , , , , , , , , , , , , , , , , ,107220,1702978845261,,, , , , , , , , , ,3145728,107191, , , , , , , , , , , , ,3, , , , , , , , , , , , , , , , , , , , , , , ,126495824,-1, , , , , , , , , , , , , , , , , , , , , , , , , , , , , , , , , , , , , , , , , , , , , , , , , , , , 
2023-12-19 10:10:45.568 UTC, , , , , , , , , ,589,3279013,131800,896, ,10, , , , , , , , , , , ,10,10, , , ,1,2,12, , , , , , , , , , , , , , , , ,1377,1,744,744, , , , ,107220,76687040512,72,72,72,72, , , , , , , , , , , , , , , , , , , , , , , , , , , , , , , , ,107220,1702978845261,,, , , , , , , , , ,3145728,107191, , , , , , , , , , , , ,3, , , , , , , , , , , , , , , , , , , , , , , ,128592976,-1, , , , , , , , , , , , , , , , , , , , , , , , , , , , , , , , , , , , , , , , , , , , , , , , , , , , 
2023-12-19 10:11:45.586 UTC, , , , , , , , , ,589,3279013,131800,896, ,10, , , , , , , , , , , ,10,10, , , ,1,2,12, , , , , , , , , , , , , , , , ,1377,1,744,744, , , , ,107220,76686589952,72,72,72,72, , , , , , , , , , , , , , , , , , , , , , , , , , , , , , , , ,107220,1702978845261,,, , , , , , , , , ,3145728,107191, , , , , , , , , , , , ,3, , , , , , , , , , , , , , , , , , , , , , , ,132787280,-1, , , , , , , , , , , , , , , , , , , , , , , , , , , , , , , , , , , , , , , , , , , , , , , , , , , , 
2023-12-19 10:12:45.595 UTC, , , , , , , , , ,589,3279013,131800,896, ,10, , , , , , , , , , , ,10,10, , , ,1,2,12, , , , , , , , , , , , , , , , ,1377,1,744,744, , , , ,107220,76686430208,72,72,72,72, , , , , , , , , , , , , , , , , , , , , , , , , , , , , , , , ,107220,1702978845261,,, , , , , , , , , ,3145728,107191, , , , , , , , , , , , ,3, , , , , , , , , , , , , , , , , , , , , , , ,134884432,-1, , , , , , , , , , , , , , , , , , , , , , , , , , , , , , , , , , , , , , , , , , , , , , , , , , , , 
2023-12-19 10:13:45.604 UTC, , , , , , , , , ,589,3279013,131800,896, ,10, , , , , , , , , , , ,10,10, , , ,1,2,12, , , , , , , , , , , , , , , , ,1377,1,744,744, , , , ,107220,76686209024,72,72,72,72, , , , , , , , , , , , , , , , , , , , , , , , , , , , , , , , ,107220,1702978845261,,, , , , , , , , , ,3145728,107191, , , , , , , , , , , , ,3, , , , , , , , , , , , , , , , , , , , , , , ,136981584,-1, , , , , , , , , , , , , , , , , , , , , , , , , , , , , , , , , , , , , , , , , , , , , , , , , , , , 
2023-12-19 10:14:45.608 UTC, , , , , , , , , ,589,3279013,131800,896, ,10, , , , , , , , , , , ,10,10, , , ,1,2,12, , , , , , , , , , , , , , , , ,1377,1,744,744, , , , ,107220,76685623296,72,72,72,72, , , , , , , , , , , , , , , , , , , , , , , , , , , , , , , , ,107220,1702978845261,,, , , , , , , , , ,3145728,107191, , , , , , , , , , , , ,3, , , , , , , , , , , , , , , , , , , , , , , ,136981584,-1, , , , , , , , , , , , , , , , , , , , , , , , , , , , , , , , , , , , , , , , , , , , , , , , , , , , 
2023-12-19 10:15:45.616 UTC, , , , , , , , , ,589,3279013,131800,896, ,10, , , , , , , , , , , ,10,10, , , ,1,2,12, , , , , , , , , , , , , , , , ,1377,1,744,744, , , , ,107220,76683788288,72,72,72,72, , , , , , , , , , , , , , , , , , , , , , , , , , , , , , , , ,107220,1702978845261,,, , , , , , , , , ,3145728,107191, , , , , , , , , , , , ,3, , , , , , , , , , , , , , , , , , , , , , , ,139078736,-1, , , , , , , , , , , , , , , , , , , , , , , , , , , , , , , , , , , , , , , , , , , , , , , , , , , , 
2023-12-19 10:16:45.631 UTC, , , , , , , , , ,589,3279013,131800,896, ,10, , , , , , , , , , , ,10,10, , , ,1,2,12, , , , , , , , , , , , , , , , ,1377,1,744,744, , , , ,107220,76684103680,72,72,72,72, , , , , , , , , , , , , , , , , , , , , , , , , , , , , , , , ,107220,1702978845261,,, , , , , , , , , ,3145728,107191, , , , , , , , , , , , ,3, , , , , , , , , , , , , , , , , , , , , , , ,143273040,-1, , , , , , , , , , , , , , , , , , , , , , , , , , , , , , , , , , , , , , , , , , , , , , , , , , , , 
2023-12-19 10:17:45.634 UTC, , , , , , , , , ,589,3279013,131800,896, ,10, , , , , , , , , , , ,10,10, , , ,1,2,12, , , , , , , , , , , , , , , , ,1377,1,744,744, , , , ,107220,76683706368,72,72,72,72, , , , , , , , , , , , , , , , , , , , , , , , , , , , , , , , ,107220,1702978845261,,, , , , , , , , , ,3145728,107191, , , , , , , , , , , , ,3, , , , , , , , , , , , , , , , , , , , , , , ,145370192,-1, , , , , , , , , , , , , , , , , , , , , , , , , , , , , , , , , , , , , , , , , , , , , , , , , , , , 
2023-12-19 10:18:45.636 UTC, , , , , , , , , ,589,3279013,131800,896, ,10, , , , , , , , , , , ,10,10, , , ,1,2,12, , , , , , , , , , , , , , , , ,1377,1,744,744, , , , ,107220,76683173888,72,72,72,72, , , , , , , , , , , , , , , , , , , , , , , , , , , , , , , , ,107220,1702978845261,,, , , , , , , , , ,3145728,107191, , , , , , , , , , , , ,3, , , , , , , , , , , , , , , , , , , , , , , ,147467344,-1, , , , , , , , , , , , , , , , , , , , , , , , , , , , , , , , , , , , , , , , , , , , , , , , , , , , 
2023-12-19 10:19:45.644 UTC, , , , , , , , , ,589,3279013,131800,896, ,10, , , , , , , , , , , ,10,10, , , ,1,2,12, , , , , , , , , , , , , , , , ,1377,1,744,744, , , , ,107220,76681875456,72,72,72,72, , , , , , , , , , , , , , , , , , , , , , , , , , , , , , , , ,107220,1702978845261,,, , , , , , , , , ,3145728,107191, , , , , , , , , , , , ,3, , , , , , , , , , , , , , , , , , , , , , , ,147467344,-1, , , , , , , , , , , , , , , , , , , , , , , , , , , , , , , , , , , , , , , , , , , , , , , , , , , , 
2023-12-19 10:20:45.650 UTC, , , , , , , , , ,589,3279013,131800,896, ,10, , , , , , , , , , , ,10,10, , , ,1,2,12, , , , , , , , , , , , , , , , ,1377,1,744,744, , , , ,107220,76681191424,72,72,72,72, , , , , , , , , , , , , , , , , , , , , , , , , , , , , , , , ,107220,1702978845261,,, , , , , , , , , ,3145728,107191, , , , , , , , , , , , ,3, , , , , , , , , , , , , , , , , , , , , , , ,149564496,-1, , , , , , , , , , , , , , , , , , , , , , , , , , , , , , , , , , , , , , , , , , , , , , , , , , , , 
2023-12-19 10:21:45.659 UTC, , , , , , , , , ,589,3279013,131800,896, ,10, , , , , , , , , , , ,10,10, , , ,1,2,12, , , , , , , , , , , , , , , , ,1377,1,744,744, , , , ,107220,76680015872,72,72,72,72, , , , , , , , , , , , , , , , , , , , , , , , , , , , , , , , ,107220,1702978845261,,, , , , , , , , , ,3145728,107191, , , , , , , , , , , , ,3, , , , , , , , , , , , , , , , , , , , , , , ,153758800,-1, , , , , , , , , , , , , , , , , , , , , , , , , , , , , , , , , , , , , , , , , , , , , , , , , , , , 
2023-12-19 10:22:45.672 UTC, , , , , , , , , ,589,3279013,131800,896, ,10, , , , , , , , , , , ,10,10, , , ,1,2,12, , , , , , , , , , , , , , , , ,1377,1,744,744, , , , ,107220,76681252864,72,72,72,72, , , , , , , , , , , , , , , , , , , , , , , , , , , , , , , , ,107220,1702978845261,,, , , , , , , , , ,3145728,107191, , , , , , , , , , , , ,3, , , , , , , , , , , , , , , , , , , , , ,1,9,53393408,-1, , , , , , , , , , , , , , , , , , , , , , , , , , , , , , , , , , , , , , , , , , , , , , , , , , , , 
2023-12-19 10:23:45.676 UTC, , , , , , , , , ,589,3279013,131800,896, ,10, , , , , , , , , , , ,10,10, , , ,1,2,12, , , , , , , , , , , , , , , , ,1377,1,744,744, , , , ,107220,76641079296,72,72,72,72, , , , , , , , , , , , , , , , , , , , , , , , , , , , , , , , ,107220,1702978845261,,, , , , , , , , , ,3145728,107191, , , , , , , , , , , , ,3, , , , , , , , , , , , , , , , , , , , , ,1,9,53310944,-1, , , , , , , , , , , , , , , , , , , , , , , , , , , , , , , , , , , , , , , , , , , , , , , , , , , , 
2023-12-19 10:24:45.681 UTC, , , , , , , , , ,589,3279013,131800,896, ,10, , , , , , , , , , , ,10,10, , , ,1,2,12, , , , , , , , , , , , , , , , ,1377,1,744,744, , , , ,107220,76637896704,72,72,72,72, , , , , , , , , , , , , , , , , , , , , , , , , , , , , , , , ,107220,1702978845261,,, , , , , , , , , ,3145728,107191, , , , , , , , , , , , ,3, , , , , , , , , , , , , , , , , , , , , , , ,55408096,-1, , , , , , , , , , , , , , , , , , , , , , , , , , , , , , , , , , , , , , , , , , , , , , , , , , , , 
2023-12-19 10:25:45.693 UTC, , , , , , , , , ,589,3279013,131800,896, ,10, , , , , , , , , , , ,10,10, , , ,1,2,12, , , , , , , , , , , , , , , , ,1377,1,744,744, , , , ,107220,76642611200,72,72,72,72, , , , , , , , , , , , , , , , , , , , , , , , , , , , , , , , ,107220,1702978845261,,, , , , , , , , , ,3145728,107191, , , , , , , , , , , , ,3, , , , , , , , , , , , , , , , , , , , , , , ,57505248,-1, , , , , , , , , , , , , , , , , , , , , , , , , , , , , , , , , , , , , , , , , , , , , , , , , , , , 
2023-12-19 10:26:45.706 UTC, , , , , , , , , ,589,3279013,131800,896, ,10, , , , , , , , , , , ,10,10, , , ,1,2,12, , , , , , , , , , , , , , , , ,1377,1,744,744, , , , ,107220,76641038336,72,72,72,72, , , , , , , , , , , , , , , , , , , , , , , , , , , , , , , , ,107220,1702978845261,,, , , , , , , , , ,3145728,107191, , , , , , , , , , , , ,3, , , , , , , , , , , , , , , , , , , , , , , ,59602400,-1, , , , , , , , , , , , , , , , , , , , , , , , , , , , , , , , , , , , , , , , , , , , , , , , , , , , 
2023-12-19 10:27:45.714 UTC, , , , , , , , , ,589,3279013,131800,896, ,10, , , , , , , , , , , ,10,10, , , ,1,2,12, , , , , , , , , , , , , , , , ,1377,1,744,744, , , , ,107220,76641312768,72,72,72,72, , , , , , , , , , , , , , , , , , , , , , , , , , , , , , , , ,107220,1702978845261,,, , , , , , , , , ,3145728,107191, , , , , , , , , , , , ,3, , , , , , , , , , , , , , , , , , , , , , , ,61699552,-1, , , , , , , , , , , , , , , , , , , , , , , , , , , , , , , , , , , , , , , , , , , , , , , , , , , , 
2023-12-19 10:28:45.723 UTC, , , , , , , , , ,589,3279013,131800,896, ,10, , , , , , , , , , , ,10,10, , , ,1,2,12, , , , , , , , , , , , , , , , ,1377,1,744,744, , , , ,107220,76641112064,72,72,72,72, , , , , , , , , , , , , , , , , , , , , , , , , , , , , , , , ,107220,1702978845261,,, , , , , , , , , ,3145728,107191, , , , , , , , , , , , ,3, , , , , , , , , , , , , , , , , , , , , , , ,63796704,-1, , , , , , , , , , , , , , , , , , , , , , , , , , , , , , , , , , , , , , , , , , , , , , , , , , , , 
2023-12-19 10:29:45.727 UTC, , , , , , , , , ,589,3279013,131800,896, ,10, , , , , , , , , , , ,10,10, , , ,1,2,12, , , , , , , , , , , , , , , , ,1377,1,744,744, , , , ,107220,76640739328,72,72,72,72, , , , , , , , , , , , , , , , , , , , , , , , , , , , , , , , ,107220,1702978845261,,, , , , , , , , , ,3145728,107191, , , , , , , , , , , , ,3, , , , , , , , , , , , , , , , , , , , , , , ,65893856,-1, , , , , , , , , , , , , , , , , , , , , , , , , , , , , , , , , , , , , , , , , , , , , , , , , , , , 
2023-12-19 10:30:45.733 UTC, , , , , , , , , ,589,3279013,131800,896, ,10, , , , , , , , , , , ,10,10, , , ,1,2,12, , , , , , , , , , , , , , , , ,1377,1,744,744, , , , ,107220,76641935360,72,72,72,72, , , , , , , , , , , , , , , , , , , , , , , , , , , , , , , , ,107220,1702978845261,,, , , , , , , , , ,3145728,107191, , , , , , , , , , , , ,3, , , , , , , , , , , , , , , , , , , , , , , ,70088160,-1, , , , , , , , , , , , , , , , , , , , , , , , , , , , , , , , , , , , , , , , , , , , , , , , , , , , 
2023-12-19 10:31:45.739 UTC, , , , , , , , , ,589,3279013,131800,896, ,10, , , , , , , , , , , ,10,10, , , ,1,2,12, , , , , , , , , , , , , , , , ,1377,1,744,744, , , , ,107220,76641361920,72,72,72,72, , , , , , , , , , , , , , , , , , , , , , , , , , , , , , , , ,107220,1702978845261,,, , , , , , , , , ,3145728,107191, , , , , , , , , , , , ,3, , , , , , , , , , , , , , , , , , , , , , , ,72185312,-1, , , , , , , , , , , , , , , , , , , , , , , , , , , , , , , , , , , , , , , , , , , , , , , , , , , , 
2023-12-19 10:32:45.751 UTC, , , , , , , , , ,589,3279013,131800,896, ,10, , , , , , , , , , , ,10,10, , , ,1,2,12, , , , , , , , , , , , , , , , ,1377,1,744,744, , , , ,107220,76641259520,72,72,72,72, , , , , , , , , , , , , , , , , , , , , , , , , , , , , , , , ,107220,1702978845261,,, , , , , , , , , ,3145728,107191, , , , , , , , , , , , ,3, , , , , , , , , , , , , , , , , , , , , , , ,74282464,-1, , , , , , , , , , , , , , , , , , , , , , , , , , , , , , , , , , , , , , , , , , , , , , , , , , , , 
2023-12-19 10:33:45.759 UTC, , , , , , , , , ,589,3279013,131800,896, ,10, , , , , , , , , , , ,10,10, , , ,1,2,12, , , , , , , , , , , , , , , , ,1377,1,744,744, , , , ,107220,76640821248,72,72,72,72, , , , , , , , , , , , , , , , , , , , , , , , , , , , , , , , ,107220,1702978845261,,, , , , , , , , , ,3145728,107191, , , , , , , , , , , , ,3, , , , , , , , , , , , , , , , , , , , , , , ,74282464,-1, , , , , , , , , , , , , , , , , , , , , , , , , , , , , , , , , , , , , , , , , , , , , , , , , , , , 
2023-12-19 10:34:45.773 UTC, , , , , , , , , ,589,3279013,131800,896, ,10, , , , , , , , , , , ,10,10, , , ,1,2,12, , , , , , , , , , , , , , , , ,1377,1,744,744, , , , ,107220,76640051200,72,72,72,72, , , , , , , , , , , , , , , , , , , , , , , , , , , , , , , , ,107220,1702978845261,,, , , , , , , , , ,3145728,107191, , , , , , , , , , , , ,3, , , , , , , , , , , , , , , , , , , , , , , ,76379616,-1, , , , , , , , , , , , , , , , , , , , , , , , , , , , , , , , , , , , , , , , , , , , , , , , , , , , 
2023-12-19 10:35:45.789 UTC, , , , , , , , , ,589,3279013,131800,896, ,10, , , , , , , , , , , ,10,10, , , ,1,2,12, , , , , , , , , , , , , , , , ,1377,1,744,744, , , , ,107220,76639977472,72,72,72,72, , , , , , , , , , , , , , , , , , , , , , , , , , , , , , , , ,107220,1702978845261,,, , , , , , , , , ,3145728,107191, , , , , , , , , , , , ,3, , , , , , , , , , , , , , , , , , , , , , , ,78476768,-1, , , , , , , , , , , , , , , , , , , , , , , , , , , , , , , , , , , , , , , , , , , , , , , , , , , , 
2023-12-19 10:36:45.797 UTC, , , , , , , , , ,589,3279013,131800,896, ,10, , , , , , , , , , , ,10,10, , , ,1,2,12, , , , , , , , , , , , , , , , ,1377,1,744,744, , , , ,107220,76639686656,72,72,72,72, , , , , , , , , , , , , , , , , , , , , , , , , , , , , , , , ,107220,1702978845261,,, , , , , , , , , ,3145728,107191, , , , , , , , , , , , ,3, , , , , , , , , , , , , , , , , , , , , , , ,80573920,-1, , , , , , , , , , , , , , , , , , , , , , , , , , , , , , , , , , , , , , , , , , , , , , , , , , , , 
2023-12-19 10:37:45.800 UTC, , , , , , , , , ,589,3279013,131800,896, ,10, , , , , , , , , , , ,10,10, , , ,1,2,12, , , , , , , , , , , , , , , , ,1377,1,744,744, , , , ,107220,76639645696,72,72,72,72, , , , , , , , , , , , , , , , , , , , , , , , , , , , , , , , ,107220,1702978845261,,, , , , , , , , , ,3145728,107191, , , , , , , , , , , , ,3, , , , , , , , , , , , , , , , , , , , , , , ,84768224,-1, , , , , , , , , , , , , , , , , , , , , , , , , , , , , , , , , , , , , , , , , , , , , , , , , , , , 
2023-12-19 10:38:45.806 UTC, , , , , , , , , ,589,3279013,131800,896, ,10, , , , , , , , , , , ,10,10, , , ,1,2,12, , , , , , , , , , , , , , , , ,1377,1,744,744, , , , ,107220,76639625216,72,72,72,72, , , , , , , , , , , , , , , , , , , , , , , , , , , , , , , , ,107220,1702978845261,,, , , , , , , , , ,3145728,107191, , , , , , , , , , , , ,3, , , , , , , , , , , , , , , , , , , , , , , ,86865376,-1, , , , , , , , , , , , , , , , , , , , , , , , , , , , , , , , , , , , , , , , , , , , , , , , , , , , 
2023-12-19 10:39:45.808 UTC, , , , , , , , , ,589,3279013,131800,896, ,10, , , , , , , , , , , ,10,10, , , ,1,2,12, , , , , , , , , , , , , , , , ,1377,1,744,744, , , , ,107220,76639588352,72,72,72,72, , , , , , , , , , , , , , , , , , , , , , , , , , , , , , , , ,107220,1702978845261,,, , , , , , , , , ,3145728,107191, , , , , , , , , , , , ,3, , , , , , , , , , , , , , , , , , , , , , , ,88962528,-1, , , , , , , , , , , , , , , , , , , , , , , , , , , , , , , , , , , , , , , , , , , , , , , , , , , , 
2023-12-19 10:40:45.821 UTC, , , , , , , , , ,589,3279013,131800,896, ,10, , , , , , , , , , , ,10,10, , , ,1,2,12, , , , , , , , , , , , , , , , ,1377,1,744,744, , , , ,107220,76639526912,72,72,72,72, , , , , , , , , , , , , , , , , , , , , , , , , , , , , , , , ,107220,1702978845261,,, , , , , , , , , ,3145728,107191, , , , , , , , , , , , ,3, , , , , , , , , , , , , , , , , , , , , , , ,91059680,-1, , , , , , , , , , , , , , , , , , , , , , , , , , , , , , , , , , , , , , , , , , , , , , , , , , , , 
2023-12-19 10:41:45.826 UTC, , , , , , , , , ,589,3279013,131800,896, ,10, , , , , , , , , , , ,10,10, , , ,1,2,12, , , , , , , , , , , , , , , , ,1377,1,744,744, , , , ,107220,76639576064,72,72,72,72, , , , , , , , , , , , , , , , , , , , , , , , , , , , , , , , ,107220,1702978845261,,, , , , , , , , , ,3145728,107191, , , , , , , , , , , , ,3, , , , , , , , , , , , , , , , , , , , , , , ,93156832,-1, , , , , , , , , , , , , , , , , , , , , , , , , , , , , , , , , , , , , , , , , , , , , , , , , , , , 
2023-12-19 10:42:45.839 UTC, , , , , , , , , ,589,3279013,131800,896, ,10, , , , , , , , , , , ,10,10, , , ,1,2,12, , , , , , , , , , , , , , , , ,1377,1,744,744, , , , ,107220,76639588352,72,72,72,72, , , , , , , , , , , , , , , , , , , , , , , , , , , , , , , , ,107220,1702978845261,,, , , , , , , , , ,3145728,107191, , , , , , , , , , , , ,3, , , , , , , , , , , , , , , , , , , , , , , ,95253984,-1, , , , , , , , , , , , , , , , , , , , , , , , , , , , , , , , , , , , , , , , , , , , , , , , , , , , 
2023-12-19 10:43:45.852 UTC, , , , , , , , , ,589,3279013,131800,896, ,10, , , , , , , , , , , ,10,10, , , ,1,2,12, , , , , , , , , , , , , , , , ,1377,1,744,744, , , , ,107220,76670320640,72,72,72,72, , , , , , , , , , , , , , , , , , , , , , , , , , , , , , , , ,107220,1702978845261,,, , , , , , , , , ,3145728,107191, , , , , , , , , , , , ,3, , , , , , , , , , , , , , , , , , , , , , , ,97351136,-1, , , , , , , , , , , , , , , , , , , , , , , , , , , , , , , , , , , , , , , , , , , , , , , , , , , , 
2023-12-19 10:44:45.861 UTC, , , , , , , , , ,589,3279013,131800,896, ,10, , , , , , , , , , , ,10,10, , , ,1,2,12, , , , , , , , , , , , , , , , ,1377,1,744,744, , , , ,107220,76670402560,72,72,72,72, , , , , , , , , , , , , , , , , , , , , , , , , , , , , , , , ,107220,1702978845261,,, , , , , , , , , ,3145728,107191, , , , , , , , , , , , ,3, , , , , , , , , , , , , , , , , , , , , , , ,101545440,-1, , , , , , , , , , , , , , , , , , , , , , , , , , , , , , , , , , , , , , , , , , , , , , , , , , , , 
2023-12-19 10:45:45.877 UTC, , , , , , , , , ,589,3279013,131800,896, ,10, , , , , , , , , , , ,10,10, , , ,1,2,12, , , , , , , , , , , , , , , , ,1377,1,744,744, , , , ,107220,76670500864,72,72,72,72, , , , , , , , , , , , , , , , , , , , , , , , , , , , , , , , ,107220,1702978845261,,, , , , , , , , , ,3145728,107191, , , , , , , , , , , , ,3, , , , , , , , , , , , , , , , , , , , , , , ,103642592,-1, , , , , , , , , , , , , , , , , , , , , , , , , , , , , , , , , , , , , , , , , , , , , , , , , , , , 
2023-12-19 10:46:45.889 UTC, , , , , , , , , ,589,3279013,131800,896, ,10, , , , , , , , , , , ,10,10, , , ,1,2,12, , , , , , , , , , , , , , , , ,1377,1,744,744, , , , ,107220,76670160896,72,72,72,72, , , , , , , , , , , , , , , , , , , , , , , , , , , , , , , , ,107220,1702978845261,,, , , , , , , , , ,3145728,107191, , , , , , , , , , , , ,3, , , , , , , , , , , , , , , , , , , , , , , ,105739744,-1, , , , , , , , , , , , , , , , , , , , , , , , , , , , , , , , , , , , , , , , , , , , , , , , , , , , 
2023-12-19 10:47:45.898 UTC, , , , , , , , , ,589,3279013,131800,896, ,10, , , , , , , , , , , ,10,10, , , ,1,2,12, , , , , , , , , , , , , , , , ,1377,1,744,744, , , , ,107220,76669747200,72,72,72,72, , , , , , , , , , , , , , , , , , , , , , , , , , , , , , , , ,107220,1702978845261,,, , , , , , , , , ,3145728,107191, , , , , , , , , , , , ,3, , , , , , , , , , , , , , , , , , , , , , , ,107836896,-1, , , , , , , , , , , , , , , , , , , , , , , , , , , , , , , , , , , , , , , , , , , , , , , , , , , , 
2023-12-19 10:48:45.903 UTC, , , , , , , , , ,589,3279013,131800,896, ,10, , , , , , , , , , , ,10,10, , , ,1,2,12, , , , , , , , , , , , , , , , ,1377,1,744,744, , , , ,107220,76671000576,72,72,72,72, , , , , , , , , , , , , , , , , , , , , , , , , , , , , , , , ,107220,1702978845261,,, , , , , , , , , ,3145728,107191, , , , , , , , , , , , ,3, , , , , , , , , , , , , , , , , , , , , , , ,109934048,-1, , , , , , , , , , , , , , , , , , , , , , , , , , , , , , , , , , , , , , , , , , , , , , , , , , , , 
2023-12-19 10:49:45.911 UTC, , , , , , , , , ,589,3279013,131800,896, ,10, , , , , , , , , , , ,10,10, , , ,1,2,12, , , , , , , , , , , , , , , , ,1377,1,744,744, , , , ,107220,76670693376,72,72,72,72, , , , , , , , , , , , , , , , , , , , , , , , , , , , , , , , ,107220,1702978845261,,, , , , , , , , , ,3145728,107191, , , , , , , , , , , , ,3, , , , , , , , , , , , , , , , , , , , , , , ,112031200,-1, , , , , , , , , , , , , , , , , , , , , , , , , , , , , , , , , , , , , , , , , , , , , , , , , , , , 
2023-12-19 10:50:45.926 UTC, , , , , , , , , ,589,3279013,131800,896, ,10, , , , , , , , , , , ,10,10, , , ,1,2,12, , , , , , , , , , , , , , , , ,1377,1,744,744, , , , ,107220,76670341120,72,72,72,72, , , , , , , , , , , , , , , , , , , , , , , , , , , , , , , , ,107220,1702978845261,,, , , , , , , , , ,3145728,107191, , , , , , , , , , , , ,3, , , , , , , , , , , , , , , , , , , , , , , ,114128352,-1, , , , , , , , , , , , , , , , , , , , , , , , , , , , , , , , , , , , , , , , , , , , , , , , , , , , 
2023-12-19 10:51:45.939 UTC, , , , , , , , , ,589,3279013,131800,896, ,10, , , , , , , , , , , ,10,10, , , ,1,2,12, , , , , , , , , , , , , , , , ,1377,1,744,744, , , , ,107220,76670099456,72,72,72,72, , , , , , , , , , , , , , , , , , , , , , , , , , , , , , , , ,107220,1702978845261,,, , , , , , , , , ,3145728,107191, , , , , , , , , , , , ,3, , , , , , , , , , , , , , , , , , , , , , , ,118322656,-1, , , , , , , , , , , , , , , , , , , , , , , , , , , , , , , , , , , , , , , , , , , , , , , , , , , , 
2023-12-19 10:52:45.947 UTC, , , , , , , , , ,589,3279013,131800,896, ,10, , , , , , , , , , , ,10,10, , , ,1,2,12, , , , , , , , , , , , , , , , ,1377,1,744,744, , , , ,107220,76669743104,72,72,72,72, , , , , , , , , , , , , , , , , , , , , , , , , , , , , , , , ,107220,1702978845261,,, , , , , , , , , ,3145728,107191, , , , , , , , , , , , ,3, , , , , , , , , , , , , , , , , , , , , , , ,120419808,-1, , , , , , , , , , , , , , , , , , , , , , , , , , , , , , , , , , , , , , , , , , , , , , , , , , , , 
2023-12-19 10:53:45.952 UTC, , , , , , , , , ,589,3279013,131800,896, ,10, , , , , , , , , , , ,10,10, , , ,1,2,12, , , , , , , , , , , , , , , , ,1377,1,744,744, , , , ,107220,76668702720,72,72,72,72, , , , , , , , , , , , , , , , , , , , , , , , , , , , , , , , ,107220,1702978845261,,, , , , , , , , , ,3145728,107191, , , , , , , , , , , , ,3, , , , , , , , , , , , , , , , , , , , , , , ,122516960,-1, , , , , , , , , , , , , , , , , , , , , , , , , , , , , , , , , , , , , , , , , , , , , , , , , , , , 
2023-12-19 10:54:45.962 UTC, , , , , , , , , ,589,3279013,131800,896, ,10, , , , , , , , , , , ,10,10, , , ,1,2,12, , , , , , , , , , , , , , , , ,1377,1,744,744, , , , ,107220,76667031552,72,72,72,72, , , , , , , , , , , , , , , , , , , , , , , , , , , , , , , , ,107220,1702978845261,,, , , , , , , , , ,3145728,107191, , , , , , , , , , , , ,3, , , , , , , , , , , , , , , , , , , , , , , ,124614112,-1, , , , , , , , , , , , , , , , , , , , , , , , , , , , , , , , , , , , , , , , , , , , , , , , , , , , 
2023-12-19 10:55:45.965 UTC, , , , , , , , , ,589,3279013,131800,896, ,10, , , , , , , , , , , ,10,10, , , ,1,2,12, , , , , , , , , , , , , , , , ,1377,1,744,744, , , , ,107220,76665307136,72,72,72,72, , , , , , , , , , , , , , , , , , , , , , , , , , , , , , , , ,107220,1702978845261,,, , , , , , , , , ,3145728,107191, , , , , , , , , , , , ,3, , , , , , , , , , , , , , , , , , , , , , , ,126711264,-1, , , , , , , , , , , , , , , , , , , , , , , , , , , , , , , , , , , , , , , , , , , , , , , , , , , , 
2023-12-19 10:56:45.972 UTC, , , , , , , , , ,589,3279013,131800,896, ,10, , , , , , , , , , , ,10,10, , , ,1,2,12, , , , , , , , , , , , , , , , ,1377,1,744,744, , , , ,107220,76661837824,72,72,72,72, , , , , , , , , , , , , , , , , , , , , , , , , , , , , , , , ,107220,1702978845261,,, , , , , , , , , ,3145728,107191, , , , , , , , , , , , ,3, , , , , , , , , , , , , , , , , , , , , , , ,128808416,-1, , , , , , , , , , , , , , , , , , , , , , , , , , , , , , , , , , , , , , , , , , , , , , , , , , , , 
2023-12-19 10:57:45.974 UTC, , , , , , , , , ,589,3279013,131800,896, ,10, , , , , , , , , , , ,10,10, , , ,1,2,12, , , , , , , , , , , , , , , , ,1377,1,744,744, , , , ,107220,76639391744,72,72,72,72, , , , , , , , , , , , , , , , , , , , , , , , , , , , , , , , ,107220,1702978845261,,, , , , , , , , , ,3145728,107191, , , , , , , , , , , , ,3, , , , , , , , , , , , , , , , , , , , , , , ,130905568,-1, , , , , , , , , , , , , , , , , , , , , , , , , , , , , , , , , , , , , , , , , , , , , , , , , , , , 
2023-12-19 10:58:45.986 UTC, , , , , , , , , ,589,3279013,131800,896, ,10, , , , , , , , , , , ,10,10, , , ,1,2,12, , , , , , , , , , , , , , , , ,1377,1,744,744, , , , ,107220,76639531008,72,72,72,72, , , , , , , , , , , , , , , , , , , , , , , , , , , , , , , , ,107220,1702978845261,,, , , , , , , , , ,3145728,107191, , , , , , , , , , , , ,3, , , , , , , , , , , , , , , , , , , , , , , ,135099872,-1, , , , , , , , , , , , , , , , , , , , , , , , , , , , , , , , , , , , , , , , , , , , , , , , , , , , 
2023-12-19 10:59:45.990 UTC, , , , , , , , , ,589,3279013,131800,896, ,10, , , , , , , , , , , ,10,10, , , ,1,2,12, , , , , , , , , , , , , , , , ,1377,1,744,744, , , , ,107220,76639379456,72,72,72,72, , , , , , , , , , , , , , , , , , , , , , , , , , , , , , , , ,107220,1702978845261,,, , , , , , , , , ,3145728,107191, , , , , , , , , , , , ,3, , , , , , , , , , , , , , , , , , , , , , , ,137197024,-1, , , , , , , , , , , , , , , , , , , , , , , , , , , , , , , , , , , , , , , , , , , , , , , , , , , , 
2023-12-19 11:00:45.995 UTC, , , , , , , , , ,589,3279013,131800,896, ,10, , , , , , , , , , , ,10,10, , , ,1,2,12, , , , , , , , , , , , , , , , ,1377,1,744,744, , , , ,107220,76652224512,72,72,72,72, , , , , , , , , , , , , , , , , , , , , , , , , , , , , , , , ,107220,1702978845261,,, , , , , , , , , ,3145728,107191, , , , , , , , , , , , ,3, , , , , , , , , , , , , , , , , , , , , , , ,139294176,-1, , , , , , , , , , , , , , , , , , , , , , , , , , , , , , , , , , , , , , , , , , , , , , , , , , , , 
2023-12-19 11:01:46.012 UTC, , , , , , , , , ,589,3279013,131800,896, ,10, , , , , , , , , , , ,10,10, , , ,1,2,12, , , , , , , , , , , , , , , , ,1377,1,744,744, , , , ,107220,76645515264,72,72,72,72, , , , , , , , , , , , , , , , , , , , , , , , , , , , , , , , ,107220,1702978845261,,, , , , , , , , , ,3145728,107191, , , , , , , , , , , , ,3, , , , , , , , , , , , , , , , , , , , , , , ,141391328,-1, , , , , , , , , , , , , , , , , , , , , , , , , , , , , , , , , , , , , , , , , , , , , , , , , , , , 
2023-12-19 11:02:46.023 UTC, , , , , , , , , ,589,3279013,131800,896, ,10, , , , , , , , , , , ,10,10, , , ,1,2,12, , , , , , , , , , , , , , , , ,1377,1,744,744, , , , ,107220,76645629952,72,72,72,72, , , , , , , , , , , , , , , , , , , , , , , , , , , , , , , , ,107220,1702978845261,,, , , , , , , , , ,3145728,107191, , , , , , , , , , , , ,3, , , , , , , , , , , , , , , , , , , , , , , ,143488480,-1, , , , , , , , , , , , , , , , , , , , , , , , , , , , , , , , , , , , , , , , , , , , , , , , , , , , 
2023-12-19 11:03:46.026 UTC, , , , , , , , , ,589,3279013,131800,896, ,10, , , , , , , , , , , ,10,10, , , ,1,2,12, , , , , , , , , , , , , , , , ,1377,1,744,744, , , , ,107220,76645318656,72,72,72,72, , , , , , , , , , , , , , , , , , , , , , , , , , , , , , , , ,107220,1702978845261,,, , , , , , , , , ,3145728,107191, , , , , , , , , , , , ,3, , , , , , , , , , , , , , , , , , , , , , , ,147682784,-1, , , , , , , , , , , , , , , , , , , , , , , , , , , , , , , , , , , , , , , , , , , , , , , , , , , , 
2023-12-19 11:04:46.036 UTC, , , , , , , , , ,589,3279013,131800,896, ,10, , , , , , , , , , , ,10,10, , , ,1,2,12, , , , , , , , , , , , , , , , ,1377,1,744,744, , , , ,107220,76644270080,72,72,72,72, , , , , , , , , , , , , , , , , , , , , , , , , , , , , , , , ,107220,1702978845261,,, , , , , , , , , ,3145728,107191, , , , , , , , , , , , ,3, , , , , , , , , , , , , , , , , , , , , , , ,149779936,-1, , , , , , , , , , , , , , , , , , , , , , , , , , , , , , , , , , , , , , , , , , , , , , , , , , , , 
2023-12-19 11:05:46.051 UTC, , , , , , , , , ,589,3279013,131800,896, ,10, , , , , , , , , , , ,10,10, , , ,1,2,12, , , , , , , , , , , , , , , , ,1377,1,744,744, , , , ,107220,76644265984,72,72,72,72, , , , , , , , , , , , , , , , , , , , , , , , , , , , , , , , ,107220,1702978845261,,, , , , , , , , , ,3145728,107191, , , , , , , , , , , , ,3, , , , , , , , , , , , , , , , , , , , , , , ,151877088,-1, , , , , , , , , , , , , , , , , , , , , , , , , , , , , , , , , , , , , , , , , , , , , , , , , , , , 
2023-12-19 11:06:46.055 UTC, , , , , , , , , ,589,3279013,131800,896, ,10, , , , , , , , , , , ,10,10, , , ,1,2,12, , , , , , , , , , , , , , , , ,1377,1,744,744, , , , ,107220,76643495936,72,72,72,72, , , , , , , , , , , , , , , , , , , , , , , , , , , , , , , , ,107220,1702978845261,,, , , , , , , , , ,3145728,107191, , , , , , , , , , , , ,3, , , , , , , , , , , , , , , , , , , , , , , ,153974240,-1, , , , , , , , , , , , , , , , , , , , , , , , , , , , , , , , , , , , , , , , , , , , , , , , , , , , 
2023-12-19 11:07:46.067 UTC, , , , , , , , , ,589,3279013,131800,896, ,10, , , , , , , , , , , ,10,10, , , ,1,2,12, , , , , , , , , , , , , , , , ,1377,1,744,744, , , , ,107220,76643176448,72,72,72,72, , , , , , , , , , , , , , , , , , , , , , , , , , , , , , , , ,107220,1702978845261,,, , , , , , , , , ,3145728,107191, , , , , , , , , , , , ,3, , , , , , , , , , , , , , , , , , , , , ,1,4,53148920,-1, , , , , , , , , , , , , , , , , , , , , , , , , , , , , , , , , , , , , , , , , , , , , , , , , , , , 
2023-12-19 11:08:46.073 UTC, , , , , , , , , ,589,3279013,131800,896, ,10, , , , , , , , , , , ,10,10, , , ,1,2,12, , , , , , , , , , , , , , , , ,1377,1,744,744, , , , ,107220,76642852864,72,72,72,72, , , , , , , , , , , , , , , , , , , , , , , , , , , , , , , , ,107220,1702978845261,,, , , , , , , , , ,3145728,107191, , , , , , , , , , , , ,3, , , , , , , , , , , , , , , , , , , , , , , ,53148920,-1, , , , , , , , , , , , , , , , , , , , , , , , , , , , , , , , , , , , , , , , , , , , , , , , , , , , 
2023-12-19 11:09:46.077 UTC, , , , , , , , , ,589,3279013,131800,896, ,10, , , , , , , , , , , ,10,10, , , ,1,2,12, , , , , , , , , , , , , , , , ,1377,1,744,744, , , , ,107220,76642017280,72,72,72,72, , , , , , , , , , , , , , , , , , , , , , , , , , , , , , , , ,107220,1702978845261,,, , , , , , , , , ,3145728,107191, , , , , , , , , , , , ,3, , , , , , , , , , , , , , , , , , , , , , , ,55246072,-1, , , , , , , , , , , , , , , , , , , , , , , , , , , , , , , , , , , , , , , , , , , , , , , , , , , , 
2023-12-19 11:10:46.090 UTC, , , , , , , , , ,589,3279013,131800,896, ,10, , , , , , , , , , , ,10,10, , , ,1,2,12, , , , , , , , , , , , , , , , ,1377,1,744,744, , , , ,107220,76641845248,72,72,72,72, , , , , , , , , , , , , , , , , , , , , , , , , , , , , , , , ,107220,1702978845261,,, , , , , , , , , ,3145728,107191, , , , , , , , , , , , ,3, , , , , , , , , , , , , , , , , , , , , , , ,57343224,-1, , , , , , , , , , , , , , , , , , , , , , , , , , , , , , , , , , , , , , , , , , , , , , , , , , , , 
2023-12-19 11:11:46.100 UTC, , , , , , , , , ,589,3279013,131800,896, ,10, , , , , , , , , , , ,10,10, , , ,1,2,12, , , , , , , , , , , , , , , , ,1377,1,744,744, , , , ,107220,76638519296,72,72,72,72, , , , , , , , , , , , , , , , , , , , , , , , , , , , , , , , ,107220,1702978845261,,, , , , , , , , , ,3145728,107191, , , , , , , , , , , , ,3, , , , , , , , , , , , , , , , , , , , , , , ,59440376,-1, , , , , , , , , , , , , , , , , , , , , , , , , , , , , , , , , , , , , , , , , , , , , , , , , , , , 
2023-12-19 11:12:46.102 UTC, , , , , , , , , ,589,3279013,131800,896, ,10, , , , , , , , , , , ,10,10, , , ,1,2,12, , , , , , , , , , , , , , , , ,1377,1,744,744, , , , ,107220,76637929472,72,72,72,72, , , , , , , , , , , , , , , , , , , , , , , , , , , , , , , , ,107220,1702978845261,,, , , , , , , , , ,3145728,107191, , , , , , , , , , , , ,3, , , , , , , , , , , , , , , , , , , , , , , ,61537528,-1, , , , , , , , , , , , , , , , , , , , , , , , , , , , , , , , , , , , , , , , , , , , , , , , , , , , 
2023-12-19 11:13:46.107 UTC, , , , , , , , , ,589,3279013,131800,896, ,10, , , , , , , , , , , ,10,10, , , ,1,2,12, , , , , , , , , , , , , , , , ,1377,1,744,744, , , , ,107220,76637544448,72,72,72,72, , , , , , , , , , , , , , , , , , , , , , , , , , , , , , , , ,107220,1702978845261,,, , , , , , , , , ,3145728,107191, , , , , , , , , , , , ,3, , , , , , , , , , , , , , , , , , , , , , , ,63634680,-1, , , , , , , , , , , , , , , , , , , , , , , , , , , , , , , , , , , , , , , , , , , , , , , , , , , , 
2023-12-19 11:14:46.117 UTC, , , , , , , , , ,589,3279013,131800,896, ,10, , , , , , , , , , , ,10,10, , , ,1,2,12, , , , , , , , , , , , , , , , ,1377,1,744,744, , , , ,107220,76637609984,72,72,72,72, , , , , , , , , , , , , , , , , , , , , , , , , , , , , , , , ,107220,1702978845261,,, , , , , , , , , ,3145728,107191, , , , , , , , , , , , ,3, , , , , , , , , , , , , , , , , , , , , , , ,65731832,-1, , , , , , , , , , , , , , , , , , , , , , , , , , , , , , , , , , , , , , , , , , , , , , , , , , , , 
2023-12-19 11:15:46.131 UTC, , , , , , , , , ,589,3279013,131800,896, ,10, , , , , , , , , , , ,10,10, , , ,1,2,12, , , , , , , , , , , , , , , , ,1377,1,744,744, , , , ,107220,76637523968,72,72,72,72, , , , , , , , , , , , , , , , , , , , , , , , , , , , , , , , ,107220,1702978845261,,, , , , , , , , , ,3145728,107191, , , , , , , , , , , , ,3, , , , , , , , , , , , , , , , , , , , , , , ,67828984,-1, , , , , , , , , , , , , , , , , , , , , , , , , , , , , , , , , , , , , , , , , , , , , , , , , , , , 
2023-12-19 11:16:46.133 UTC, , , , , , , , , ,589,3279013,131800,896, ,10, , , , , , , , , , , ,10,10, , , ,1,2,12, , , , , , , , , , , , , , , , ,1377,1,744,744, , , , ,107220,76637446144,72,72,72,72, , , , , , , , , , , , , , , , , , , , , , , , , , , , , , , , ,107220,1702978845261,,, , , , , , , , , ,3145728,107191, , , , , , , , , , , , ,3, , , , , , , , , , , , , , , , , , , , , , , ,69926136,-1, , , , , , , , , , , , , , , , , , , , , , , , , , , , , , , , , , , , , , , , , , , , , , , , , , , , 
2023-12-19 11:17:46.139 UTC, , , , , , , , , ,589,3279013,131800,896, ,10, , , , , , , , , , , ,10,10, , , ,1,2,12, , , , , , , , , , , , , , , , ,1377,1,744,744, , , , ,107220,76637220864,72,72,72,72, , , , , , , , , , , , , , , , , , , , , , , , , , , , , , , , ,107220,1702978845261,,, , , , , , , , , ,3145728,107191, , , , , , , , , , , , ,3, , , , , , , , , , , , , , , , , , , , , , , ,74120440,-1, , , , , , , , , , , , , , , , , , , , , , , , , , , , , , , , , , , , , , , , , , , , , , , , , , , , 
2023-12-19 11:18:46.152 UTC, , , , , , , , , ,589,3279013,131800,896, ,10, , , , , , , , , , , ,10,10, , , ,1,2,12, , , , , , , , , , , , , , , , ,1377,1,744,744, , , , ,107220,76636737536,72,72,72,72, , , , , , , , , , , , , , , , , , , , , , , , , , , , , , , , ,107220,1702978845261,,, , , , , , , , , ,3145728,107191, , , , , , , , , , , , ,3, , , , , , , , , , , , , , , , , , , , , , , ,74120440,-1, , , , , , , , , , , , , , , , , , , , , , , , , , , , , , , , , , , , , , , , , , , , , , , , , , , , 
2023-12-19 11:19:46.155 UTC, , , , , , , , , ,589,3279013,131800,896, ,10, , , , , , , , , , , ,10,10, , , ,1,2,12, , , , , , , , , , , , , , , , ,1377,1,744,744, , , , ,107220,76636315648,72,72,72,72, , , , , , , , , , , , , , , , , , , , , , , , , , , , , , , , ,107220,1702978845261,,, , , , , , , , , ,3145728,107191, , , , , , , , , , , , ,3, , , , , , , , , , , , , , , , , , , , , , , ,76217592,-1, , , , , , , , , , , , , , , , , , , , , , , , , , , , , , , , , , , , , , , , , , , , , , , , , , , , 
2023-12-19 11:20:46.173 UTC, , , , , , , , , ,589,3279013,131800,896, ,10, , , , , , , , , , , ,10,10, , , ,1,2,12, , , , , , , , , , , , , , , , ,1377,1,744,744, , , , ,107220,76636246016,72,72,72,72, , , , , , , , , , , , , , , , , , , , , , , , , , , , , , , , ,107220,1702978845261,,, , , , , , , , , ,3145728,107191, , , , , , , , , , , , ,3, , , , , , , , , , , , , , , , , , , , , , , ,78314744,-1, , , , , , , , , , , , , , , , , , , , , , , , , , , , , , , , , , , , , , , , , , , , , , , , , , , , 
2023-12-19 11:21:46.175 UTC, , , , , , , , , ,589,3279013,131800,896, ,10, , , , , , , , , , , ,10,10, , , ,1,2,12, , , , , , , , , , , , , , , , ,1377,1,744,744, , , , ,107220,76635684864,72,72,72,72, , , , , , , , , , , , , , , , , , , , , , , , , , , , , , , , ,107220,1702978845261,,, , , , , , , , , ,3145728,107191, , , , , , , , , , , , ,3, , , , , , , , , , , , , , , , , , , , , , , ,80411896,-1, , , , , , , , , , , , , , , , , , , , , , , , , , , , , , , , , , , , , , , , , , , , , , , , , , , , 
2023-12-19 11:22:46.186 UTC, , , , , , , , , ,589,3279013,131800,896, ,10, , , , , , , , , , , ,10,10, , , ,1,2,12, , , , , , , , , , , , , , , , ,1377,1,744,744, , , , ,107220,76635467776,72,72,72,72, , , , , , , , , , , , , , , , , , , , , , , , , , , , , , , , ,107220,1702978845261,,, , , , , , , , , ,3145728,107191, , , , , , , , , , , , ,3, , , , , , , , , , , , , , , , , , , , , , , ,82509048,-1, , , , , , , , , , , , , , , , , , , , , , , , , , , , , , , , , , , , , , , , , , , , , , , , , , , , 
2023-12-19 11:23:46.190 UTC, , , , , , , , , ,589,3279013,131800,896, ,10, , , , , , , , , , , ,10,10, , , ,1,2,12, , , , , , , , , , , , , , , , ,1377,1,744,744, , , , ,107220,76634701824,72,72,72,72, , , , , , , , , , , , , , , , , , , , , , , , , , , , , , , , ,107220,1702978845261,,, , , , , , , , , ,3145728,107191, , , , , , , , , , , , ,3, , , , , , , , , , , , , , , , , , , , , , , ,84606200,-1, , , , , , , , , , , , , , , , , , , , , , , , , , , , , , , , , , , , , , , , , , , , , , , , , , , , 
2023-12-19 11:24:46.193 UTC, , , , , , , , , ,589,3279013,131800,896, ,10, , , , , , , , , , , ,10,10, , , ,1,2,12, , , , , , , , , , , , , , , , ,1377,1,744,744, , , , ,107220,76634464256,72,72,72,72, , , , , , , , , , , , , , , , , , , , , , , , , , , , , , , , ,107220,1702978845261,,, , , , , , , , , ,3145728,107191, , , , , , , , , , , , ,3, , , , , , , , , , , , , , , , , , , , , , , ,86703352,-1, , , , , , , , , , , , , , , , , , , , , , , , , , , , , , , , , , , , , , , , , , , , , , , , , , , , 
2023-12-19 11:25:46.198 UTC, , , , , , , , , ,589,3279013,131800,896, ,10, , , , , , , , , , , ,10,10, , , ,1,2,12, , , , , , , , , , , , , , , , ,1377,1,744,744, , , , ,107220,76633440256,72,72,72,72, , , , , , , , , , , , , , , , , , , , , , , , , , , , , , , , ,107220,1702978845261,,, , , , , , , , , ,3145728,107191, , , , , , , , , , , , ,3, , , , , , , , , , , , , , , , , , , , , , , ,88800504,-1, , , , , , , , , , , , , , , , , , , , , , , , , , , , , , , , , , , , , , , , , , , , , , , , , , , , 
2023-12-19 11:26:46.207 UTC, , , , , , , , , ,589,3279013,131800,896, ,10, , , , , , , , , , , ,10,10, , , ,1,2,12, , , , , , , , , , , , , , , , ,1377,1,744,744, , , , ,107220,76633440256,72,72,72,72, , , , , , , , , , , , , , , , , , , , , , , , , , , , , , , , ,107220,1702978845261,,, , , , , , , , , ,3145728,107191, , , , , , , , , , , , ,3, , , , , , , , , , , , , , , , , , , , , , , ,90897656,-1, , , , , , , , , , , , , , , , , , , , , , , , , , , , , , , , , , , , , , , , , , , , , , , , , , , , 
2023-12-19 11:27:46.213 UTC, , , , , , , , , ,589,3279013,131800,896, ,10, , , , , , , , , , , ,10,10, , , ,1,2,12, , , , , , , , , , , , , , , , ,1377,1,744,744, , , , ,107220,76632580096,72,72,72,72, , , , , , , , , , , , , , , , , , , , , , , , , , , , , , , , ,107220,1702978845261,,, , , , , , , , , ,3145728,107191, , , , , , , , , , , , ,3, , , , , , , , , , , , , , , , , , , , , , , ,92994808,-1, , , , , , , , , , , , , , , , , , , , , , , , , , , , , , , , , , , , , , , , , , , , , , , , , , , , 
2023-12-19 11:28:46.221 UTC, , , , , , , , , ,589,3279013,131800,896, ,10, , , , , , , , , , , ,10,10, , , ,1,2,12, , , , , , , , , , , , , , , , ,1377,1,744,744, , , , ,107220,76632403968,72,72,72,72, , , , , , , , , , , , , , , , , , , , , , , , , , , , , , , , ,107220,1702978845261,,, , , , , , , , , ,3145728,107191, , , , , , , , , , , , ,3, , , , , , , , , , , , , , , , , , , , , , , ,95091960,-1, , , , , , , , , , , , , , , , , , , , , , , , , , , , , , , , , , , , , , , , , , , , , , , , , , , , 
2023-12-19 11:29:46.230 UTC, , , , , , , , , ,589,3279013,131800,896, ,10, , , , , , , , , , , ,10,10, , , ,1,2,12, , , , , , , , , , , , , , , , ,1377,1,744,744, , , , ,107220,76632764416,72,72,72,72, , , , , , , , , , , , , , , , , , , , , , , , , , , , , , , , ,107220,1702978845261,,, , , , , , , , , ,3145728,107191, , , , , , , , , , , , ,3, , , , , , , , , , , , , , , , , , , , , , , ,97189112,-1, , , , , , , , , , , , , , , , , , , , , , , , , , , , , , , , , , , , , , , , , , , , , , , , , , , , 
2023-12-19 11:30:46.236 UTC, , , , , , , , , ,589,3279013,131800,896, ,10, , , , , , , , , , , ,10,10, , , ,1,2,12, , , , , , , , , , , , , , , , ,1377,1,744,744, , , , ,107220,76637155328,72,72,72,72, , , , , , , , , , , , , , , , , , , , , , , , , , , , , , , , ,107220,1702978845261,,, , , , , , , , , ,3145728,107191, , , , , , , , , , , , ,3, , , , , , , , , , , , , , , , , , , , , , , ,99286264,-1, , , , , , , , , , , , , , , , , , , , , , , , , , , , , , , , , , , , , , , , , , , , , , , , , , , , 
2023-12-19 12:32:50.959 UTC, , , , , , , , , ,589,3279013,131800,896, ,10, , , , , , , , , , , ,10,10, , , ,1,2,12, , , , , , , , , , , , , , , , ,1377,1,744,744, , , , ,107220,76652703744,72,72,72,72, , , , , , , , , , , , , , , , , , , , , , , , , , , , , , , , ,107220,1702978845261,,, , , , , , , , , ,3145728,107191, , , , , , , , , , , , ,3, , , , , , , , , , , , , , , , , , , , , ,7,14,74104152,-1, , , , , , , , , , , , , , , , , , , , , , , , , , , , , , , , , , , , , , , , , , , , , , , , , , , , 
2023-12-19 12:33:23.318 UTC, , , , , , , , , ,589,3278117,131800, , ,10, , , , , , , , , , , ,10,10, , , ,1,2,12, , , , , , , , , , , , , , , , ,1377,1,744,744, , , , ,107220,76648017920,72,72,72,72, , , , , , , , , , , , , , , , , , , , , , , , , , , , , , , , ,107220,1702978845261,,, , , , , , , , , ,3145728,107191, , , , , , , , , , , , ,3, , , , , , , , , , , , , , , , , , , , , , , ,76201304,-1, , , , , , , , , , , , , , , , , , , , , , , , , , , , , , , , , , , , , , , , , , , , , , , , , , , , 
2024-01-08 08:40:34.172 UTC, , , , , , , , , ,125,3169069,23104,112, ,5, ,63,4,0.06, , , , , , , ,4,5, ,2, ,3,3,4, ,52,19, , , , , , , , , , , , , ,129058,2, ,107327, , , , , , ,-1,-1,-1,-1, , , , , ,16,324, , , , , , , , , , , , , , , , , , , , , , , , , , ,1704703234094,,, , , , , , , , , ,3145728,129058, , , , , , ,29, , ,3, , ,3, , ,29,1,2048,1, , , , , ,536465,89, , , , , , , , ,14,36,53454384,-1, , , , , , ,45, , , , , ,1, , , , , , , , , , , , , , , , , , , , , , , , , , , , , , , , , , , , , , , 
2024-01-08 08:41:34.187 UTC, , , , , , , , , ,125,3227821,81520,448, ,7, ,2231,3,0.00, , , , , , , ,7,7, , , ,3,2,7, ,2450,75, , , , , , , , , , , , , ,129058,2, ,107327, , , , ,129110,315787440128,66,66,66,66, , , , , , , , , , , , , , , , , , , , , , , , , , , , , , , , ,129110,1704703234094,,, , , , , , , , , ,3145728,129058, , , , , , ,81, , , , , ,3, , ,81,1, , , , , ,1, ,58869,82, , , , , , , , ,6,21,347960544,-1, , , , , , ,2473, , , , , , , , , , , , , , , , , , , , , , , , , , , , , , , , ,247,2197,6, , , , , , , , , , 
2024-01-08 08:42:34.192 UTC, , , , , , , , , ,125,3227821,81520,448, ,7, , , , , , , , , , , ,7,7, , , ,3,2,7, , , , , , , , , , , , , , , , ,129058,2, ,107327, , , , ,129110,315784974336,66,66,66,66, , , , , , , , , , , , , , , , , , , , , , , , , , , , , , , , ,129110,1704703234094,,, , , , , , , , , ,3145728,129058, , , , , , , , , , , , ,3, , , ,1, , , , , , , , , , , , , , , , , , , ,350057696,-1, , , , , , , , , , , , , , , , , , , , , , , , , , , , , , , , , , , , , , , , , , , , , , , , , , , , 
2024-01-08 08:43:34.200 UTC, , , , , , , , , ,125,3227821,81520,448, ,7, , , , , , , , , , , ,7,7, , , ,3,2,7, , , , , , , , , , , , , , , , ,129058,2, ,107327, , , , ,129110,315762655232,66,66,66,66, , , , , , , , , , , , , , , , , , , , , , , , , , , , , , , , ,129110,1704703234094,,, , , , , , , , , ,3145728,129058, , , , , , , , , , , , ,3, , , ,1, , , , , , , , , , , , , , , , , , , ,352154848,-1, , , , , , , , , , , , , , , , , , , , , , , , , , , , , , , , , , , , , , , , , , , , , , , , , , , , 
2024-01-08 08:44:34.214 UTC, , , , , , , , , ,125,3227821,81520,448, ,7, , , , , , , , , , , ,7,7, , , ,3,2,7, , , , , , , , , , , , , , , , ,129058,2, ,107327, , , , ,129110,315761954816,66,66,66,66, , , , , , , , , , , , , , , , , , , , , , , , , , , , , , , , ,129110,1704703234094,,, , , , , , , , , ,3145728,129058, , , , , , , , , , , , ,3, , , ,1, , , , , , , , , , , , , , , , , , , ,354252000,-1, , , , , , , , , , , , , , , , , , , , , , , , , , , , , , , , , , , , , , , , , , , , , , , , , , , , 
2024-01-08 08:45:34.227 UTC, , , , , , , , , ,125,3227821,81520,448, ,7, , , , , , , , , , , ,7,7, , , ,3,2,7, , , , , , , , , , , , , , , , ,129058,2, ,107327, , , , ,129110,315761205248,66,66,66,66, , , , , , , , , , , , , , , , , , , , , , , , , , , , , , , , ,129110,1704703234094,,, , , , , , , , , ,3145728,129058, , , , , , , , , , , , ,3, , , ,1, , , , , , , , , , , , , , , , , , , ,354252000,-1, , , , , , , , , , , , , , , , , , , , , , , , , , , , , , , , , , , , , , , , , , , , , , , , , , , , 
2024-01-08 08:46:34.245 UTC, , , , , , , , , ,125,3227821,81520,448, ,7, , , , , , , , , , , ,7,7, , , ,3,2,7, , , , , , , , , , , , , , , , ,129058,2, ,107327, , , , ,129110,315763019776,66,66,66,66, , , , , , , , , , , , , , , , , , , , , , , , , , , , , , , , ,129110,1704703234094,,, , , , , , , , , ,3145728,129058, , , , , , , , , , , , ,3, , , ,1, , , , , , , , , , , , , , , , , , , ,356349152,-1, , , , , , , , , , , , , , , , , , , , , , , , , , , , , , , , , , , , , , , , , , , , , , , , , , , , 
2024-01-08 08:47:34.262 UTC, , , , , , , , , ,125,3227821,81520,448, ,7, , , , , , , , , , , ,7,7, , , ,3,2,7, , , , , , , , , , , , , , , , ,129058,2, ,107327, , , , ,129110,315763019776,66,66,66,66, , , , , , , , , , , , , , , , , , , , , , , , , , , , , , , , ,129110,1704703234094,,, , , , , , , , , ,3145728,129058, , , , , , , , , , , , ,3, , , ,1, , , , , , , , , , , , , , , , , , , ,358446304,-1, , , , , , , , , , , , , , , , , , , , , , , , , , , , , , , , , , , , , , , , , , , , , , , , , , , , 
2024-01-08 08:48:34.278 UTC, , , , , , , , , ,125,3227821,81520,448, ,7, , , , , , , , , , , ,7,7, , , ,3,2,7, , , , , , , , , , , , , , , , ,129058,2, ,107327, , , , ,129110,315763003392,66,66,66,66, , , , , , , , , , , , , , , , , , , , , , , , , , , , , , , , ,129110,1704703234094,,, , , , , , , , , ,3145728,129058, , , , , , , , , , , , ,3, , , ,1, , , , , , , , , , , , , , , , , , , ,360543456,-1, , , , , , , , , , , , , , , , , , , , , , , , , , , , , , , , , , , , , , , , , , , , , , , , , , , , 
2024-01-08 08:49:34.291 UTC, , , , , , , , , ,125,3227821,81520,448, ,7, , , , , , , , , , , ,7,7, , , ,3,2,7, , , , , , , , , , , , , , , , ,129058,2, ,107327, , , , ,129110,315761942528,66,66,66,66, , , , , , , , , , , , , , , , , , , , , , , , , , , , , , , , ,129110,1704703234094,,, , , , , , , , , ,3145728,129058, , , , , , , , , , , , ,3, , , ,1, , , , , , , , , , , , , , , , , , , ,362640608,-1, , , , , , , , , , , , , , , , , , , , , , , , , , , , , , , , , , , , , , , , , , , , , , , , , , , , 
2024-01-08 08:50:34.298 UTC, , , , , , , , , ,125,3227821,81520,448, ,7, , , , , , , , , , , ,7,7, , , ,3,2,7, , , , , , , , , , , , , , , , ,129058,2, ,107327, , , , ,129110,315757051904,66,66,66,66, , , , , , , , , , , , , , , , , , , , , , , , , , , , , , , , ,129110,1704703234094,,, , , , , , , , , ,3145728,129058, , , , , , , , , , , , ,3, , , ,1, , , , , , , , , , , , , , , , , , , ,364737760,-1, , , , , , , , , , , , , , , , , , , , , , , , , , , , , , , , , , , , , , , , , , , , , , , , , , , , 
2024-01-08 08:51:34.309 UTC, , , , , , , , , ,125,3227821,81520,448, ,7, , , , , , , , , , , ,7,7, , , ,3,2,7, , , , , , , , , , , , , , , , ,129058,2, ,107327, , , , ,129110,315697917952,66,66,66,66, , , , , , , , , , , , , , , , , , , , , , , , , , , , , , , , ,129110,1704703234094,,, , , , , , , , , ,3145728,129058, , , , , , , , , , , , ,3, , , ,1, , , , , , , , , , , , , , , , , , , ,366834912,-1, , , , , , , , , , , , , , , , , , , , , , , , , , , , , , , , , , , , , , , , , , , , , , , , , , , , 
2024-01-08 08:52:34.327 UTC, , , , , , , , , ,125,3227821,81520,448, ,7, , , , , , , , , , , ,7,7, , , ,3,2,7, , , , , , , , , , , , , , , , ,129058,2, ,107327, , , , ,129110,315513745408,66,66,66,66, , , , , , , , , , , , , , , , , , , , , , , , , , , , , , , , ,129110,1704703234094,,, , , , , , , , , ,3145728,129058, , , , , , , , , , , , ,3, , , ,1, , , , , , , , , , , , , , , , , , , ,368932064,-1, , , , , , , , , , , , , , , , , , , , , , , , , , , , , , , , , , , , , , , , , , , , , , , , , , , , 
2024-01-08 08:53:34.330 UTC, , , , , , , , , ,125,3227821,81520,448, ,7, , , , , , , , , , , ,7,7, , , ,3,2,7, , , , , , , , , , , , , , , , ,129058,2, ,107327, , , , ,129110,315513032704,66,66,66,66, , , , , , , , , , , , , , , , , , , , , , , , , , , , , , , , ,129110,1704703234094,,, , , , , , , , , ,3145728,129058, , , , , , , , , , , , ,3, , , ,1, , , , , , , , , , , , , , , , , , , ,371029216,-1, , , , , , , , , , , , , , , , , , , , , , , , , , , , , , , , , , , , , , , , , , , , , , , , , , , , 
2024-01-08 08:54:34.345 UTC, , , , , , , , , ,125,3227821,81520,448, ,7, , , , , , , , , , , ,7,7, , , ,3,2,7, , , , , , , , , , , , , , , , ,129058,2, ,107327, , , , ,129110,315481939968,66,66,66,66, , , , , , , , , , , , , , , , , , , , , , , , , , , , , , , , ,129110,1704703234094,,, , , , , , , , , ,3145728,129058, , , , , , , , , , , , ,3, , , ,1, , , , , , , , , , , , , , , , , ,1,5,59370128,-1, , , , , , , , , , , , , , , , , , , , , , , , , , , , , , , , , , , , , , , , , , , , , , , , , , , , 
2024-01-08 08:55:34.356 UTC, , , , , , , , , ,125,3227821,81520,448, ,7, , , , , , , , , , , ,7,7, , , ,3,2,7, , , , , , , , , , , , , , , , ,129058,2, ,107327, , , , ,129110,315423567872,66,66,66,66, , , , , , , , , , , , , , , , , , , , , , , , , , , , , , , , ,129110,1704703234094,,, , , , , , , , , ,3145728,129058, , , , , , , , , , , , ,3, , , ,1, , , , , , , , , , , , , , , , , , , ,61467280,-1, , , , , , , , , , , , , , , , , , , , , , , , , , , , , , , , , , , , , , , , , , , , , , , , , , , , 
2024-01-08 08:56:34.360 UTC, , , , , , , , , ,125,3227821,81520,448, ,7, , , , , , , , , , , ,7,7, , , ,3,2,7, , , , , , , , , , , , , , , , ,129058,2, ,107327, , , , ,129110,315491995648,66,66,66,66, , , , , , , , , , , , , , , , , , , , , , , , , , , , , , , , ,129110,1704703234094,,, , , , , , , , , ,3145728,129058, , , , , , , , , , , , ,3, , , ,1, , , , , , , , , , , , , , , , , , , ,61467280,-1, , , , , , , , , , , , , , , , , , , , , , , , , , , , , , , , , , , , , , , , , , , , , , , , , , , , 
2024-01-08 08:57:34.371 UTC, , , , , , , , , ,125,3227821,81520,448, ,7, , , , , , , , , , , ,7,7, , , ,3,2,7, , , , , , , , , , , , , , , , ,129058,2, ,107327, , , , ,129110,315487055872,66,66,66,66, , , , , , , , , , , , , , , , , , , , , , , , , , , , , , , , ,129110,1704703234094,,, , , , , , , , , ,3145728,129058, , , , , , , , , , , , ,3, , , ,1, , , , , , , , , , , , , , , , , , , ,63564432,-1, , , , , , , , , , , , , , , , , , , , , , , , , , , , , , , , , , , , , , , , , , , , , , , , , , , , 
2024-01-08 08:58:34.385 UTC, , , , , , , , , ,125,3227821,81520,448, ,7, , , , , , , , , , , ,7,7, , , ,3,2,7, , , , , , , , , , , , , , , , ,129058,2, ,107327, , , , ,129110,315486838784,66,66,66,66, , , , , , , , , , , , , , , , , , , , , , , , , , , , , , , , ,129110,1704703234094,,, , , , , , , , , ,3145728,129058, , , , , , , , , , , , ,3, , , ,1, , , , , , , , , , , , , , , , , , , ,65661584,-1, , , , , , , , , , , , , , , , , , , , , , , , , , , , , , , , , , , , , , , , , , , , , , , , , , , , 
2024-01-08 08:59:34.389 UTC, , , , , , , , , ,125,3227821,81520,448, ,7, , , , , , , , , , , ,7,7, , , ,3,2,7, , , , , , , , , , , , , , , , ,129058,2, ,107327, , , , ,129110,315486920704,66,66,66,66, , , , , , , , , , , , , , , , , , , , , , , , , , , , , , , , ,129110,1704703234094,,, , , , , , , , , ,3145728,129058, , , , , , , , , , , , ,3, , , ,1, , , , , , , , , , , , , , , , , , , ,67758736,-1, , , , , , , , , , , , , , , , , , , , , , , , , , , , , , , , , , , , , , , , , , , , , , , , , , , , 
2024-01-08 09:00:34.394 UTC, , , , , , , , , ,125,3227821,81520,448, ,7, , , , , , , , , , , ,7,7, , , ,3,2,7, , , , , , , , , , , , , , , , ,129058,2, ,107327, , , , ,129110,315481190400,66,66,66,66, , , , , , , , , , , , , , , , , , , , , , , , , , , , , , , , ,129110,1704703234094,,, , , , , , , , , ,3145728,129058, , , , , , , , , , , , ,3, , , ,1, , , , , , , , , , , , , , , , , , , ,69855888,-1, , , , , , , , , , , , , , , , , , , , , , , , , , , , , , , , , , , , , , , , , , , , , , , , , , , , 
2024-01-08 09:01:34.409 UTC, , , , , , , , , ,125,3227821,81520,448, ,7, , , , , , , , , , , ,7,7, , , ,3,2,7, , , , , , , , , , , , , , , , ,129058,2, ,107327, , , , ,129110,315484946432,66,66,66,66, , , , , , , , , , , , , , , , , , , , , , , , , , , , , , , , ,129110,1704703234094,,, , , , , , , , , ,3145728,129058, , , , , , , , , , , , ,3, , , ,1, , , , , , , , , , , , , , , , , , , ,74050192,-1, , , , , , , , , , , , , , , , , , , , , , , , , , , , , , , , , , , , , , , , , , , , , , , , , , , , 
2024-01-08 09:02:34.419 UTC, , , , , , , , , ,125,3227821,81520,448, ,7, , , , , , , , , , , ,7,7, , , ,3,2,7, , , , , , , , , , , , , , , , ,129058,2, ,107327, , , , ,129110,315485208576,66,66,66,66, , , , , , , , , , , , , , , , , , , , , , , , , , , , , , , , ,129110,1704703234094,,, , , , , , , , , ,3145728,129058, , , , , , , , , , , , ,3, , , ,1, , , , , , , , , , , , , , , , , , , ,76147344,-1, , , , , , , , , , , , , , , , , , , , , , , , , , , , , , , , , , , , , , , , , , , , , , , , , , , , 
2024-01-08 09:03:34.436 UTC, , , , , , , , , ,125,3227821,81520,448, ,7, , , , , , , , , , , ,7,7, , , ,3,2,7, , , , , , , , , , , , , , , , ,129058,2, ,107327, , , , ,129110,315449257984,66,66,66,66, , , , , , , , , , , , , , , , , , , , , , , , , , , , , , , , ,129110,1704703234094,,, , , , , , , , , ,3145728,129058, , , , , , , , , , , , ,3, , , ,1, , , , , , , , , , , , , , , , , , , ,80341648,-1, , , , , , , , , , , , , , , , , , , , , , , , , , , , , , , , , , , , , , , , , , , , , , , , , , , , 
2024-01-08 09:04:34.448 UTC, , , , , , , , , ,125,3227821,81520,448, ,7, , , , , , , , , , , ,7,7, , , ,3,2,7, , , , , , , , , , , , , , , , ,129058,2, ,107327, , , , ,129110,315447771136,66,66,66,66, , , , , , , , , , , , , , , , , , , , , , , , , , , , , , , , ,129110,1704703234094,,, , , , , , , , , ,3145728,129058, , , , , , , , , , , , ,3, , , ,1, , , , , , , , , , , , , , , , , , , ,80341648,-1, , , , , , , , , , , , , , , , , , , , , , , , , , , , , , , , , , , , , , , , , , , , , , , , , , , , 
2024-01-08 09:05:34.455 UTC, , , , , , , , , ,125,3227821,81520,448, ,7, , , , , , , , , , , ,7,7, , , ,3,2,7, , , , , , , , , , , , , , , , ,129058,2, ,107327, , , , ,129110,315447869440,66,66,66,66, , , , , , , , , , , , , , , , , , , , , , , , , , , , , , , , ,129110,1704703234094,,, , , , , , , , , ,3145728,129058, , , , , , , , , , , , ,3, , , ,1, , , , , , , , , , , , , , , , , , , ,82438800,-1, , , , , , , , , , , , , , , , , , , , , , , , , , , , , , , , , , , , , , , , , , , , , , , , , , , , 
2024-01-08 09:06:34.472 UTC, , , , , , , , , ,125,3227821,81520,448, ,7, , , , , , , , , , , ,7,7, , , ,3,2,7, , , , , , , , , , , , , , , , ,129058,2, ,107327, , , , ,129110,315447713792,66,66,66,66, , , , , , , , , , , , , , , , , , , , , , , , , , , , , , , , ,129110,1704703234094,,, , , , , , , , , ,3145728,129058, , , , , , , , , , , , ,3, , , ,1, , , , , , , , , , , , , , , , , , , ,82438800,-1, , , , , , , , , , , , , , , , , , , , , , , , , , , , , , , , , , , , , , , , , , , , , , , , , , , , 
2024-01-08 09:07:34.484 UTC, , , , , , , , , ,125,3227821,81520,448, ,7, , , , , , , , , , , ,7,7, , , ,3,2,7, , , , , , , , , , , , , , , , ,129058,2, ,107327, , , , ,129110,315447578624,66,66,66,66, , , , , , , , , , , , , , , , , , , , , , , , , , , , , , , , ,129110,1704703234094,,, , , , , , , , , ,3145728,129058, , , , , , , , , , , , ,3, , , ,1, , , , , , , , , , , , , , , , , , , ,88730256,-1, , , , , , , , , , , , , , , , , , , , , , , , , , , , , , , , , , , , , , , , , , , , , , , , , , , , 
2024-01-08 09:08:34.487 UTC, , , , , , , , , ,125,3227821,81520,448, ,7, , , , , , , , , , , ,7,7, , , ,3,2,7, , , , , , , , , , , , , , , , ,129058,2, ,107327, , , , ,129110,315447152640,66,66,66,66, , , , , , , , , , , , , , , , , , , , , , , , , , , , , , , , ,129110,1704703234094,,, , , , , , , , , ,3145728,129058, , , , , , , , , , , , ,3, , , ,1, , , , , , , , , , , , , , , , , , , ,90827408,-1, , , , , , , , , , , , , , , , , , , , , , , , , , , , , , , , , , , , , , , , , , , , , , , , , , , , 
2024-01-08 09:09:34.489 UTC, , , , , , , , , ,125,3227821,81520,448, ,7, , , , , , , , , , , ,7,7, , , ,3,2,7, , , , , , , , , , , , , , , , ,129058,2, ,107327, , , , ,129110,315441385472,66,66,66,66, , , , , , , , , , , , , , , , , , , , , , , , , , , , , , , , ,129110,1704703234094,,, , , , , , , , , ,3145728,129058, , , , , , , , , , , , ,3, , , ,1, , , , , , , , , , , , , , , , , , , ,92924560,-1, , , , , , , , , , , , , , , , , , , , , , , , , , , , , , , , , , , , , , , , , , , , , , , , , , , , 
2024-01-08 09:10:34.491 UTC, , , , , , , , , ,125,3227821,81520,448, ,7, , , , , , , , , , , ,7,7, , , ,3,2,7, , , , , , , , , , , , , , , , ,129058,2, ,107327, , , , ,129110,315441135616,66,66,66,66, , , , , , , , , , , , , , , , , , , , , , , , , , , , , , , , ,129110,1704703234094,,, , , , , , , , , ,3145728,129058, , , , , , , , , , , , ,3, , , ,1, , , , , , , , , , , , , , , , , , , ,92924560,-1, , , , , , , , , , , , , , , , , , , , , , , , , , , , , , , , , , , , , , , , , , , , , , , , , , , , 
2024-01-08 09:11:34.493 UTC, , , , , , , , , ,125,3227821,81520,448, ,7, , , , , , , , , , , ,7,7, , , ,3,2,7, , , , , , , , , , , , , , , , ,129058,2, ,107327, , , , ,129110,315329720320,66,66,66,66, , , , , , , , , , , , , , , , , , , , , , , , , , , , , , , , ,129110,1704703234094,,, , , , , , , , , ,3145728,129058, , , , , , , , , , , , ,3, , , ,1, , , , , , , , , , , , , , , , , , , ,95021712,-1, , , , , , , , , , , , , , , , , , , , , , , , , , , , , , , , , , , , , , , , , , , , , , , , , , , , 
2024-01-08 09:12:34.495 UTC, , , , , , , , , ,125,3227821,81520,448, ,7, , , , , , , , , , , ,7,7, , , ,3,2,7, , , , , , , , , , , , , , , , ,129058,2, ,107327, , , , ,129110,315342864384,66,66,66,66, , , , , , , , , , , , , , , , , , , , , , , , , , , , , , , , ,129110,1704703234094,,, , , , , , , , , ,3145728,129058, , , , , , , , , , , , ,3, , , ,1, , , , , , , , , , , , , , , , , , , ,97118864,-1, , , , , , , , , , , , , , , , , , , , , , , , , , , , , , , , , , , , , , , , , , , , , , , , , , , , 
2024-01-08 09:13:34.497 UTC, , , , , , , , , ,125,3227821,81520,448, ,7, , , , , , , , , , , ,7,7, , , ,3,2,7, , , , , , , , , , , , , , , , ,129058,2, ,107327, , , , ,129110,315335139328,66,66,66,66, , , , , , , , , , , , , , , , , , , , , , , , , , , , , , , , ,129110,1704703234094,,, , , , , , , , , ,3145728,129058, , , , , , , , , , , , ,3, , , ,1, , , , , , , , , , , , , , , , , , , ,99216016,-1, , , , , , , , , , , , , , , , , , , , , , , , , , , , , , , , , , , , , , , , , , , , , , , , , , , , 
2024-01-08 09:14:34.499 UTC, , , , , , , , , ,125,3227821,81520,448, ,7, , , , , , , , , , , ,7,7, , , ,3,2,7, , , , , , , , , , , , , , , , ,129058,2, ,107327, , , , ,129110,315320692736,66,66,66,66, , , , , , , , , , , , , , , , , , , , , , , , , , , , , , , , ,129110,1704703234094,,, , , , , , , , , ,3145728,129058, , , , , , , , , , , , ,3, , , ,1, , , , , , , , , , , , , , , , , , , ,103410320,-1, , , , , , , , , , , , , , , , , , , , , , , , , , , , , , , , , , , , , , , , , , , , , , , , , , , , 
2024-01-08 09:15:34.501 UTC, , , , , , , , , ,125,3227821,81520,448, ,7, , , , , , , , , , , ,7,7, , , ,3,2,7, , , , , , , , , , , , , , , , ,129058,2, ,107327, , , , ,129110,315308048384,66,66,66,66, , , , , , , , , , , , , , , , , , , , , , , , , , , , , , , , ,129110,1704703234094,,, , , , , , , , , ,3145728,129058, , , , , , , , , , , , ,3, , , ,1, , , , , , , , , , , , , , , , , , , ,105507472,-1, , , , , , , , , , , , , , , , , , , , , , , , , , , , , , , , , , , , , , , , , , , , , , , , , , , , 
2024-01-08 09:16:28.737 UTC, , , , , , , , , ,125,3227373,81520, , ,7, , , , , , , , , , , ,7,7, , , ,3,2,7, , , , , , , , , , , , , , , , ,129058,2, ,107327, , , , ,129110,315330355200,66,66,66,66, , , , , , , , , , , , , , , , , , , , , , , , , , , , , , , , ,129110,1704703234094,,, , , , , , , , , ,3145728,129058, , , , , , , , , , , , ,3, , , ,1, , , , , , , , , , , , , , , , , , , ,107604624,-1, , , , , , , , , , , , , , , , , , , , , , , , , , , , , , , , , , , , , , , , , , , , , , , , , , , , 
