id,nom_produit,quantite_vendue,prix_unitaire,chiffre_affaires,date_vente
1,Produit_A,3,138.83,416.49,2023-11-23 11:28:21.146621
2,Produit_E,10,153.07,1530.7,2024-07-11 11:28:21.146655
3,Produit_C,32,190.7,6102.4,2024-03-17 11:28:21.146668
4,Produit_A,50,96.57,4828.5,2023-11-18 11:28:21.146679
5,Produit_E,60,101.0,6060.0,2024-01-14 11:28:21.146691
6,Produit_C,56,143.52,8037.12,2024-08-17 11:28:21.146701
7,Produit_C,31,83.49,2588.19,2024-10-07 11:28:21.146710
8,Produit_D,13,29.98,389.74,2024-04-24 11:28:21.146719
9,Produit_D,63,87.16,5491.08,2024-04-24 11:28:21.146728
10,Produit_B,33,151.82,5010.06,2024-04-01 11:28:21.146736
11,Produit_C,52,60.27,3134.04,2024-07-18 11:28:21.146745
12,Produit_C,99,58.03,5744.97,2024-03-04 11:28:21.146753
13,Produit_C,97,167.15,16213.55,2024-10-12 11:28:21.146762
14,Produit_B,38,72.17,2742.46,2024-08-20 11:28:21.146770
15,Produit_A,96,154.25,14808.0,2024-01-11 11:28:21.146779
16,Produit_A,5,52.34,261.7,2023-10-20 11:28:21.146787
17,Produit_E,52,88.28,4590.56,2024-05-25 11:28:21.146796
18,Produit_A,42,140.61,5905.62,2024-07-11 11:28:21.146805
19,Produit_C,52,105.7,5496.4,2024-08-02 11:28:21.146813
20,Produit_A,75,131.55,9866.25,2024-10-06 11:28:21.146821
21,Produit_A,71,107.49,7631.79,2024-07-11 11:28:21.146829
22,Produit_C,59,21.43,1264.37,2023-11-01 11:28:21.146837
23,Produit_C,53,16.43,870.79,2023-11-27 11:28:21.146845
24,Produit_E,47,22.45,1055.15,2024-07-17 11:28:21.146854
25,Produit_D,63,114.34,7203.42,2023-12-25 11:28:21.146862
26,Produit_E,34,97.13,3302.42,2023-10-28 11:28:21.146871
27,Produit_C,93,131.07,12189.51,2024-09-02 11:28:21.146879
28,Produit_B,30,29.29,878.7,2024-03-31 11:28:21.146888
29,Produit_B,13,171.84,2233.92,2024-06-15 11:28:21.146896
30,Produit_B,68,97.07,6600.76,2024-05-15 11:28:21.146904
31,Produit_D,91,53.03,4825.73,2024-07-17 11:28:21.146912
32,Produit_D,71,108.09,7674.39,2023-12-28 11:28:21.146920
33,Produit_D,85,157.88,13419.8,2024-06-28 11:28:21.146928
34,Produit_C,72,75.52,5437.44,2024-07-17 11:28:21.146937
35,Produit_B,42,70.58,2964.36,2024-03-17 11:28:21.146945
36,Produit_E,97,75.61,7334.17,2024-09-07 11:28:21.146952
37,Produit_C,12,159.83,1917.96,2024-01-19 11:28:21.146966
38,Produit_A,18,143.33,2579.94,2024-08-27 11:28:21.146975
39,Produit_C,24,122.89,2949.36,2024-04-29 11:28:21.146984
40,Produit_A,75,88.83,6662.25,2023-11-06 11:28:21.146992
41,Produit_E,49,106.45,5216.05,2023-11-27 11:28:21.147000
42,Produit_B,42,55.44,2328.48,2024-05-24 11:28:21.147008
43,Produit_A,7,28.03,196.21,2024-03-17 11:28:21.147016
44,Produit_C,64,68.05,4355.2,2023-12-25 11:28:21.147024
45,Produit_C,23,99.4,2286.2,2024-07-04 11:28:21.147033
46,Produit_B,100,193.71,19371.0,2024-09-01 11:28:21.147041
47,Produit_E,65,18.83,1223.95,2023-12-28 11:28:21.147049
48,Produit_B,99,170.27,16856.73,2024-04-08 11:28:21.147057
49,Produit_B,1,99.73,99.73,2024-09-09 11:28:21.147065
50,Produit_C,28,155.66,4358.48,2024-09-25 11:28:21.147073
51,Produit_D,23,107.98,2483.54,2023-11-13 11:28:21.147081
52,Produit_C,75,79.32,5949.0,2024-09-21 11:28:21.147089
53,Produit_D,3,147.54,442.62,2024-08-13 11:28:21.147096
54,Produit_A,71,75.23,5341.33,2024-08-02 11:28:21.147105
55,Produit_D,90,118.41,10656.9,2024-10-06 11:28:21.147113
56,Produit_E,38,117.44,4462.72,2024-03-02 11:28:21.147121
57,Produit_B,39,159.01,6201.39,2023-12-10 11:28:21.147130
58,Produit_B,57,115.38,6576.66,2023-12-27 11:28:21.147141
59,Produit_E,49,57.18,2801.82,2023-11-21 11:28:21.147149
60,Produit_B,17,151.09,2568.53,2024-02-14 11:28:21.147157
61,Produit_B,93,148.28,13790.04,2024-03-01 11:28:21.147166
62,Produit_A,65,72.73,4727.45,2024-08-15 11:28:21.147175
63,Produit_C,52,78.38,4075.76,2024-01-21 11:28:21.147182
64,Produit_B,93,116.81,10863.33,2023-12-12 11:28:21.147191
65,Produit_B,50,181.04,9052.0,2024-02-15 11:28:21.147199
66,Produit_B,60,10.49,629.4,2024-03-31 11:28:21.147207
67,Produit_D,65,163.02,10596.3,2024-04-27 11:28:21.147215
68,Produit_D,77,10.53,810.81,2024-10-03 11:28:21.147223
69,Produit_E,26,25.02,650.52,2024-04-21 11:28:21.147231
70,Produit_B,1,14.56,14.56,2024-06-03 11:28:21.147239
71,Produit_B,83,95.89,7958.87,2024-03-01 11:28:21.147247
72,Produit_C,63,43.49,2739.87,2024-09-21 11:28:21.147254
73,Produit_A,85,85.92,7303.2,2024-07-07 11:28:21.147262
74,Produit_A,44,168.76,7425.44,2024-03-16 11:28:21.147269
75,Produit_C,3,35.08,105.24,2024-01-01 11:28:21.147277
76,Produit_D,69,140.19,9673.11,2024-01-13 11:28:21.147285
77,Produit_A,40,180.32,7212.8,2024-08-29 11:28:21.147293
78,Produit_E,40,183.86,7354.4,2023-12-22 11:28:21.147302
79,Produit_C,24,170.42,4090.08,2024-01-20 11:28:21.147310
80,Produit_D,43,132.24,5686.32,2023-11-13 11:28:21.147320
81,Produit_A,67,142.53,9549.51,2024-10-07 11:28:21.147328
82,Produit_E,87,29.61,2576.07,2024-04-06 11:28:21.147336
83,Produit_A,74,171.89,12719.86,2024-09-18 11:28:21.147344
84,Produit_C,17,141.4,2403.8,2024-08-06 11:28:21.147352
85,Produit_A,28,136.71,3827.88,2023-12-27 11:28:21.147359
86,Produit_B,96,104.98,10078.08,2024-07-05 11:28:21.147367
87,Produit_B,8,193.4,1547.2,2023-11-21 11:28:21.147375
88,Produit_A,64,85.36,5463.04,2024-04-25 11:28:21.147383
89,Produit_C,57,176.56,10063.92,2024-05-02 11:28:21.147391
90,Produit_E,94,97.17,9133.98,2024-04-13 11:28:21.147399
91,Produit_D,1,175.33,175.33,2024-01-27 11:28:21.147407
92,Produit_C,27,46.86,1265.22,2024-03-06 11:28:21.147415
93,Produit_C,89,66.12,5884.68,2024-09-24 11:28:21.147423
94,Produit_D,82,188.95,15493.9,2024-09-28 11:28:21.147430
95,Produit_C,52,38.31,1992.12,2024-07-01 11:28:21.147438
96,Produit_B,84,146.57,12311.88,2024-06-10 11:28:21.147445
97,Produit_D,81,15.74,1274.94,2023-12-17 11:28:21.147454
98,Produit_D,21,42.47,891.87,2024-08-23 11:28:21.147462
99,Produit_D,50,165.73,8286.5,2024-07-10 11:28:21.147470
100,Produit_D,17,108.04,1836.68,2023-12-28 11:28:21.147478
101,Produit_C,88,45.44,3998.72,2023-12-03 11:28:21.147486
102,Produit_E,73,74.27,5421.71,2024-08-25 11:28:21.147494
103,Produit_A,63,190.31,11989.53,2024-07-07 11:28:21.147501
104,Produit_C,2,93.01,186.02,2024-07-15 11:28:21.147509
105,Produit_D,88,40.78,3588.64,2024-08-19 11:28:21.147517
106,Produit_B,20,99.11,1982.2,2024-01-26 11:28:21.147524
107,Produit_B,23,43.03,989.69,2024-07-31 11:28:21.147532
108,Produit_D,40,17.12,684.8,2024-09-08 11:28:21.147540
109,Produit_E,87,109.32,9510.84,2023-12-05 11:28:21.147548
110,Produit_D,11,34.83,383.13,2024-08-16 11:28:21.147557
111,Produit_C,36,136.24,4904.64,2024-06-10 11:28:21.147564
112,Produit_E,70,74.19,5193.3,2024-06-24 11:28:21.147573
113,Produit_B,5,164.79,823.95,2023-10-20 11:28:21.147581
114,Produit_B,29,49.38,1432.02,2024-04-04 11:28:21.147589
115,Produit_B,37,29.7,1098.9,2024-02-22 11:28:21.147597
116,Produit_B,43,78.26,3365.18,2024-02-21 11:28:21.147606
117,Produit_C,23,22.51,517.73,2023-11-26 11:28:21.147614
118,Produit_B,96,28.85,2769.6,2023-11-25 11:28:21.147621
119,Produit_B,96,144.17,13840.32,2024-09-19 11:28:21.147629
120,Produit_C,89,183.38,16320.82,2024-01-25 11:28:21.147637
121,Produit_C,59,73.23,4320.57,2024-10-15 11:28:21.147648
122,Produit_D,86,83.28,7162.08,2024-07-22 11:28:21.147662
123,Produit_B,96,163.99,15743.04,2024-02-24 11:28:21.147670
124,Produit_C,9,187.26,1685.34,2024-04-17 11:28:21.147678
125,Produit_D,74,136.92,10132.08,2024-07-12 11:28:21.147686
126,Produit_D,20,15.13,302.6,2023-12-20 11:28:21.147694
127,Produit_C,63,179.6,11314.8,2024-01-17 11:28:21.147702
128,Produit_B,54,112.76,6089.04,2024-01-14 11:28:21.147711
129,Produit_E,46,189.7,8726.2,2024-03-14 11:28:21.147719
130,Produit_D,92,14.28,1313.76,2024-07-06 11:28:21.147727
131,Produit_C,4,113.31,453.24,2024-04-16 11:28:21.147735
132,Produit_C,56,151.91,8506.96,2024-07-13 11:28:21.147743
133,Produit_E,71,116.28,8255.88,2024-02-13 11:28:21.147750
134,Produit_D,40,46.58,1863.2,2024-10-16 11:28:21.147758
135,Produit_B,98,34.65,3395.7,2024-04-12 11:28:21.147766
136,Produit_B,56,108.98,6102.88,2024-02-10 11:28:21.147774
137,Produit_E,15,53.53,802.95,2024-08-20 11:28:21.147782
138,Produit_A,17,64.65,1099.05,2024-09-18 11:28:21.147789
139,Produit_D,16,190.85,3053.6,2024-02-09 11:28:21.147798
140,Produit_E,76,121.11,9204.36,2023-11-05 11:28:21.147805
141,Produit_E,12,187.0,2244.0,2024-10-05 11:28:21.147814
142,Produit_A,70,50.04,3502.8,2023-10-26 11:28:21.147821
143,Produit_E,5,155.03,775.15,2024-04-05 11:28:21.147829
144,Produit_A,83,130.02,10791.66,2024-01-01 11:28:21.147837
145,Produit_B,44,77.89,3427.16,2024-09-12 11:28:21.147845
146,Produit_C,18,190.18,3423.24,2024-04-13 11:28:21.147853
147,Produit_E,86,49.1,4222.6,2024-09-21 11:28:21.147861
148,Produit_D,82,84.48,6927.36,2024-09-21 11:28:21.147869
149,Produit_E,99,53.82,5328.18,2023-12-18 11:28:21.147877
150,Produit_E,59,162.21,9570.39,2024-03-22 11:28:21.147885
151,Produit_E,49,28.63,1402.87,2024-08-08 11:28:21.147893
152,Produit_B,43,93.14,4005.02,2024-10-13 11:28:21.147901
153,Produit_B,65,145.48,9456.2,2024-03-25 11:28:21.147909
154,Produit_D,6,38.33,229.98,2024-09-03 11:28:21.147917
155,Produit_C,85,74.17,6304.45,2024-08-13 11:28:21.147925
156,Produit_A,56,153.38,8589.28,2024-07-24 11:28:21.147933
157,Produit_B,65,107.94,7016.1,2023-10-26 11:28:21.147941
158,Produit_A,34,151.42,5148.28,2024-08-22 11:28:21.147949
159,Produit_E,92,46.87,4312.04,2024-06-19 11:28:21.147956
160,Produit_B,50,153.83,7691.5,2023-12-04 11:28:21.147964
161,Produit_B,38,189.32,7194.16,2024-05-25 11:28:21.147972
162,Produit_C,79,170.4,13461.6,2024-01-09 11:28:21.147979
163,Produit_D,58,177.67,10304.86,2024-07-30 11:28:21.147988
164,Produit_A,93,57.41,5339.13,2024-08-22 11:28:21.147999
165,Produit_E,72,173.32,12479.04,2024-03-05 11:28:21.148006
166,Produit_A,43,178.68,7683.24,2024-01-24 11:28:21.148014
167,Produit_E,72,102.91,7409.52,2024-01-14 11:28:21.148022
168,Produit_D,25,64.87,1621.75,2024-02-22 11:28:21.148031
169,Produit_C,65,86.16,5600.4,2023-11-01 11:28:21.148039
170,Produit_B,62,176.76,10959.12,2024-02-17 11:28:21.148046
171,Produit_C,100,24.25,2425.0,2024-01-09 11:28:21.148055
172,Produit_B,28,182.88,5120.64,2024-02-13 11:28:21.148063
173,Produit_D,30,93.4,2802.0,2024-06-07 11:28:21.148071
174,Produit_D,74,11.72,867.28,2024-03-20 11:28:21.148079
175,Produit_E,63,87.4,5506.2,2024-07-30 11:28:21.148087
176,Produit_D,54,92.6,5000.4,2023-12-17 11:28:21.148112
177,Produit_C,21,19.75,414.75,2024-03-28 11:28:21.148124
178,Produit_D,46,62.62,2880.52,2024-04-26 11:28:21.148133
179,Produit_C,34,187.14,6362.76,2024-07-05 11:28:21.148140
180,Produit_D,87,21.75,1892.25,2024-08-21 11:28:21.148149
181,Produit_C,11,157.63,1733.93,2024-02-07 11:28:21.148157
182,Produit_E,3,26.28,78.84,2024-09-17 11:28:21.148165
183,Produit_D,89,26.73,2378.97,2024-02-02 11:28:21.148173
184,Produit_E,76,130.55,9921.8,2024-06-18 11:28:21.148181
185,Produit_D,64,27.93,1787.52,2024-10-05 11:28:21.148189
186,Produit_A,2,174.64,349.28,2024-05-16 11:28:21.148201
187,Produit_D,65,117.37,7629.05,2024-02-19 11:28:21.148210
188,Produit_E,53,120.51,6387.03,2024-05-19 11:28:21.148218
189,Produit_A,41,111.05,4553.05,2024-06-25 11:28:21.148225
190,Produit_C,57,70.34,4009.38,2024-07-17 11:28:21.148233
191,Produit_B,23,97.75,2248.25,2024-02-26 11:28:21.148242
192,Produit_A,79,67.46,5329.34,2024-05-04 11:28:21.148250
193,Produit_C,11,66.5,731.5,2024-06-10 11:28:21.148258
194,Produit_D,82,63.29,5189.78,2024-04-03 11:28:21.148265
195,Produit_A,13,129.84,1687.92,2024-02-20 11:28:21.148275
196,Produit_E,40,28.56,1142.4,2024-01-02 11:28:21.148283
197,Produit_A,9,155.02,1395.18,2024-08-09 11:28:21.148291
198,Produit_C,88,97.26,8558.88,2024-07-10 11:28:21.148299
199,Produit_C,4,32.38,129.52,2024-09-17 11:28:21.148306
200,Produit_E,12,29.16,349.92,2023-12-06 11:28:21.148313
201,Produit_B,10,116.04,1160.4,2024-05-04 11:28:21.148322
202,Produit_B,6,68.87,413.22,2024-06-24 11:28:21.148330
203,Produit_C,27,174.3,4706.1,2024-08-21 11:28:21.148338
204,Produit_E,39,150.34,5863.26,2024-06-16 11:28:21.148345
205,Produit_E,20,87.05,1741.0,2024-07-05 11:28:21.148353
206,Produit_E,85,53.02,4506.7,2024-03-05 11:28:21.148361
207,Produit_E,81,124.75,10104.75,2023-10-21 11:28:21.148373
208,Produit_C,53,75.78,4016.34,2024-04-19 11:28:21.148381
209,Produit_A,62,193.88,12020.56,2024-06-28 11:28:21.148389
210,Produit_C,9,30.03,270.27,2024-07-17 11:28:21.148397
211,Produit_A,81,65.8,5329.8,2024-05-15 11:28:21.148405
212,Produit_C,23,126.04,2898.92,2024-09-12 11:28:21.148413
213,Produit_B,66,115.18,7601.88,2024-01-20 11:28:21.148421
214,Produit_B,19,17.86,339.34,2024-04-09 11:28:21.148429
215,Produit_E,41,145.67,5972.47,2024-07-14 11:28:21.148437
216,Produit_B,19,41.95,797.05,2024-04-21 11:28:21.148445
217,Produit_C,25,119.35,2983.75,2024-06-03 11:28:21.148453
218,Produit_B,97,131.66,12771.02,2023-12-07 11:28:21.148461
219,Produit_D,43,70.84,3046.12,2024-04-16 11:28:21.148468
220,Produit_D,94,127.35,11970.9,2024-09-25 11:28:21.148476
221,Produit_D,72,109.68,7896.96,2023-12-06 11:28:21.148483
222,Produit_C,70,98.46,6892.2,2024-08-11 11:28:21.148491
223,Produit_A,23,25.51,586.73,2024-03-03 11:28:21.148499
224,Produit_D,75,96.37,7227.75,2024-08-13 11:28:21.148507
225,Produit_D,18,180.05,3240.9,2024-04-06 11:28:21.148515
226,Produit_D,15,164.04,2460.6,2024-09-30 11:28:21.148522
227,Produit_D,83,147.07,12206.81,2024-03-22 11:28:21.148530
228,Produit_C,2,150.44,300.88,2023-12-15 11:28:21.148538
229,Produit_D,57,164.11,9354.27,2024-02-14 11:28:21.148546
230,Produit_B,78,21.07,1643.46,2024-04-19 11:28:21.148555
231,Produit_C,66,133.32,8799.12,2024-05-11 11:28:21.148562
232,Produit_D,16,162.02,2592.32,2023-12-23 11:28:21.148570
233,Produit_B,58,108.67,6302.86,2024-05-06 11:28:21.148579
234,Produit_E,47,51.47,2419.09,2024-05-23 11:28:21.148586
235,Produit_A,27,117.84,3181.68,2024-02-11 11:28:21.148594
236,Produit_E,12,42.16,505.92,2024-02-02 11:28:21.148602
237,Produit_C,15,108.01,1620.15,2024-10-08 11:28:21.148610
238,Produit_D,80,59.65,4772.0,2024-01-05 11:28:21.148618
239,Produit_E,72,195.4,14068.8,2024-10-09 11:28:21.148628
240,Produit_C,88,153.02,13465.76,2024-07-20 11:28:21.148635
241,Produit_C,6,196.83,1180.98,2024-01-17 11:28:21.148643
242,Produit_E,46,192.26,8843.96,2024-08-26 11:28:21.148651
243,Produit_A,61,33.34,2033.74,2024-05-25 11:28:21.148659
244,Produit_C,97,114.41,11097.77,2024-07-14 11:28:21.148666
245,Produit_E,87,127.86,11123.82,2024-06-07 11:28:21.148674
246,Produit_C,10,36.67,366.7,2024-05-27 11:28:21.148682
247,Produit_E,67,84.51,5662.17,2024-05-09 11:28:21.148689
248,Produit_C,33,136.39,4500.87,2024-03-15 11:28:21.148697
249,Produit_D,31,50.01,1550.31,2023-11-15 11:28:21.148705
250,Produit_B,77,182.06,14018.62,2024-03-06 11:28:21.148718
251,Produit_B,50,174.37,8718.5,2024-04-04 11:28:21.148726
252,Produit_E,97,91.22,8848.34,2024-09-06 11:28:21.148735
253,Produit_C,43,97.52,4193.36,2024-03-30 11:28:21.148742
254,Produit_C,56,12.28,687.68,2024-02-06 11:28:21.148750
255,Produit_E,59,197.31,11641.29,2023-12-14 11:28:21.148758
256,Produit_B,61,141.96,8659.56,2024-04-12 11:28:21.148767
257,Produit_E,24,28.5,684.0,2024-01-20 11:28:21.148775
258,Produit_D,1,35.02,35.02,2024-02-05 11:28:21.148784
259,Produit_E,89,133.43,11875.27,2024-02-24 11:28:21.148792
260,Produit_D,68,30.9,2101.2,2023-11-19 11:28:21.148800
261,Produit_D,42,53.83,2260.86,2024-03-03 11:28:21.148808
262,Produit_B,95,108.14,10273.3,2024-02-29 11:28:21.148816
263,Produit_E,40,84.32,3372.8,2024-09-22 11:28:21.148823
264,Produit_A,67,80.57,5398.19,2024-08-14 11:28:21.148831
265,Produit_B,76,49.65,3773.4,2024-05-11 11:28:21.148839
266,Produit_C,95,102.17,9706.15,2023-11-22 11:28:21.148846
267,Produit_A,39,65.01,2535.39,2024-01-16 11:28:21.148854
268,Produit_B,51,52.96,2700.96,2024-06-17 11:28:21.148862
269,Produit_D,16,46.19,739.04,2024-05-11 11:28:21.148870
270,Produit_E,14,78.48,1098.72,2024-10-02 11:28:21.148878
271,Produit_B,34,180.79,6146.86,2024-01-16 11:28:21.148886
272,Produit_D,41,154.38,6329.58,2024-03-31 11:28:21.148894
273,Produit_E,7,20.84,145.88,2024-03-05 11:28:21.148902
274,Produit_A,42,18.43,774.06,2024-10-09 11:28:21.148910
275,Produit_E,18,191.55,3447.9,2024-09-22 11:28:21.148918
276,Produit_B,26,54.9,1427.4,2024-02-06 11:28:21.148926
277,Produit_A,24,127.34,3056.16,2024-01-19 11:28:21.148934
278,Produit_D,48,177.6,8524.8,2024-05-07 11:28:21.148942
279,Produit_A,45,106.12,4775.4,2024-08-29 11:28:21.148951
280,Produit_E,7,187.04,1309.28,2024-04-25 11:28:21.148958
281,Produit_E,10,66.99,669.9,2024-02-23 11:28:21.148966
282,Produit_E,53,175.66,9309.98,2023-12-09 11:28:21.148978
283,Produit_A,5,175.96,879.8,2023-11-05 11:28:21.148986
284,Produit_B,5,100.45,502.25,2024-07-26 11:28:21.148995
285,Produit_C,29,84.89,2461.81,2023-10-25 11:28:21.149003
286,Produit_B,26,197.41,5132.66,2024-04-17 11:28:21.149011
287,Produit_D,25,75.34,1883.5,2024-03-22 11:28:21.149019
288,Produit_D,30,186.39,5591.7,2024-07-16 11:28:21.149027
289,Produit_C,20,120.56,2411.2,2023-12-01 11:28:21.149035
290,Produit_A,3,157.84,473.52,2024-06-07 11:28:21.149043
291,Produit_B,12,195.65,2347.8,2024-02-10 11:28:21.149051
292,Produit_E,27,190.86,5153.22,2023-11-08 11:28:21.149062
293,Produit_E,25,115.28,2882.0,2023-11-30 11:28:21.149071
294,Produit_D,32,77.84,2490.88,2024-06-19 11:28:21.149080
295,Produit_A,26,42.4,1102.4,2024-03-03 11:28:21.149088
296,Produit_D,68,60.61,4121.48,2024-10-11 11:28:21.149096
297,Produit_C,10,75.03,750.3,2024-02-17 11:28:21.149104
298,Produit_E,92,26.08,2399.36,2024-02-07 11:28:21.149112
299,Produit_A,93,112.79,10489.47,2024-04-09 11:28:21.149120
300,Produit_A,20,110.42,2208.4,2024-07-12 11:28:21.149128
301,Produit_B,18,26.66,479.88,2024-06-17 11:28:21.149135
302,Produit_D,97,25.57,2480.29,2024-09-02 11:28:21.149143
303,Produit_C,88,37.25,3278.0,2024-04-01 11:28:21.149152
304,Produit_D,81,35.03,2837.43,2024-08-25 11:28:21.149159
305,Produit_C,2,182.43,364.86,2024-01-22 11:28:21.149167
306,Produit_B,43,21.84,939.12,2024-10-03 11:28:21.149175
307,Produit_C,51,92.33,4708.83,2024-07-15 11:28:21.149184
308,Produit_E,11,13.93,153.23,2024-01-21 11:28:21.149192
309,Produit_C,46,154.92,7126.32,2024-10-03 11:28:21.149200
310,Produit_A,90,24.29,2186.1,2023-10-20 11:28:21.149208
311,Produit_A,98,157.67,15451.66,2024-03-07 11:28:21.149217
312,Produit_D,30,141.8,4254.0,2024-05-30 11:28:21.149225
313,Produit_E,32,55.62,1779.84,2024-09-16 11:28:21.149232
314,Produit_B,2,69.65,139.3,2024-06-21 11:28:21.149240
315,Produit_A,86,122.77,10558.22,2024-01-03 11:28:21.149248
316,Produit_B,3,14.75,44.25,2024-07-19 11:28:21.149256
317,Produit_D,22,105.24,2315.28,2023-12-05 11:28:21.149264
318,Produit_C,1,199.86,199.86,2024-07-19 11:28:21.149272
319,Produit_B,57,56.94,3245.58,2023-12-30 11:28:21.149281
320,Produit_B,73,99.05,7230.65,2024-06-16 11:28:21.149288
321,Produit_E,69,71.17,4910.73,2024-08-13 11:28:21.149296
322,Produit_A,58,109.72,6363.76,2023-12-14 11:28:21.149304
323,Produit_A,45,78.73,3542.85,2023-10-19 11:28:21.149312
324,Produit_E,27,13.49,364.23,2023-12-17 11:28:21.149320
325,Produit_B,51,42.09,2146.59,2024-05-20 11:28:21.149328
326,Produit_B,2,122.45,244.9,2024-08-06 11:28:21.149337
327,Produit_C,5,72.84,364.2,2024-03-10 11:28:21.149345
328,Produit_A,99,61.12,6050.88,2024-01-13 11:28:21.149353
329,Produit_D,49,62.49,3062.01,2024-01-25 11:28:21.149361
330,Produit_E,84,22.88,1921.92,2023-11-03 11:28:21.149369
331,Produit_D,43,56.3,2420.9,2024-05-03 11:28:21.149377
332,Produit_C,55,178.11,9796.05,2024-06-02 11:28:21.149384
333,Produit_C,98,50.82,4980.36,2024-04-22 11:28:21.149393
334,Produit_D,57,71.05,4049.85,2024-08-27 11:28:21.149404
335,Produit_C,32,12.94,414.08,2024-09-18 11:28:21.149412
336,Produit_A,46,121.58,5592.68,2024-08-18 11:28:21.149420
337,Produit_C,62,146.64,9091.68,2024-07-15 11:28:21.149433
338,Produit_E,21,122.94,2581.74,2024-04-08 11:28:21.149441
339,Produit_D,63,189.63,11946.69,2024-03-02 11:28:21.149448
340,Produit_D,94,61.13,5746.22,2024-05-15 11:28:21.149456
341,Produit_E,31,31.44,974.64,2024-08-28 11:28:21.149464
342,Produit_D,23,150.12,3452.76,2024-02-20 11:28:21.149475
343,Produit_E,46,113.78,5233.88,2024-02-26 11:28:21.149483
344,Produit_D,85,52.93,4499.05,2024-10-01 11:28:21.149491
345,Produit_B,81,181.39,14692.59,2024-01-25 11:28:21.149499
346,Produit_E,10,133.21,1332.1,2024-01-21 11:28:21.149510
347,Produit_C,36,33.82,1217.52,2024-07-30 11:28:21.149519
348,Produit_C,38,187.63,7129.94,2024-01-07 11:28:21.149527
349,Produit_E,36,32.85,1182.6,2024-06-06 11:28:21.149535
350,Produit_C,7,146.06,1022.42,2024-04-12 11:28:21.149543
351,Produit_A,39,55.32,2157.48,2024-05-31 11:28:21.149552
352,Produit_A,43,108.63,4671.09,2023-11-12 11:28:21.149560
353,Produit_A,21,172.02,3612.42,2024-08-10 11:28:21.149568
354,Produit_A,2,152.51,305.02,2024-08-19 11:28:21.149577
355,Produit_D,71,168.49,11962.79,2024-06-08 11:28:21.149585
356,Produit_A,79,42.71,3374.09,2023-12-20 11:28:21.149593
357,Produit_D,27,155.81,4206.87,2023-10-28 11:28:21.149601
358,Produit_B,33,187.13,6175.29,2024-01-16 11:28:21.149609
359,Produit_B,69,126.98,8761.62,2024-02-27 11:28:21.149617
360,Produit_C,17,124.82,2121.94,2024-01-24 11:28:21.149625
361,Produit_D,67,27.39,1835.13,2023-12-07 11:28:21.149634
362,Produit_A,80,140.61,11248.8,2024-01-27 11:28:21.149642
363,Produit_A,66,40.71,2686.86,2024-04-04 11:28:21.149649
364,Produit_A,38,96.91,3682.58,2024-04-24 11:28:21.149659
365,Produit_C,27,59.29,1600.83,2024-08-19 11:28:21.149666
366,Produit_A,99,51.69,5117.31,2024-06-10 11:28:21.149674
367,Produit_B,33,193.01,6369.33,2023-10-31 11:28:21.149682
368,Produit_C,55,50.16,2758.8,2024-04-16 11:28:21.149690
369,Produit_E,65,108.62,7060.3,2023-11-09 11:28:21.149698
370,Produit_C,49,103.78,5085.22,2024-06-01 11:28:21.149706
371,Produit_D,61,14.11,860.71,2024-07-13 11:28:21.149714
372,Produit_A,79,136.09,10751.11,2024-09-20 11:28:21.149721
373,Produit_E,73,87.53,6389.69,2024-08-25 11:28:21.149729
374,Produit_C,56,128.52,7197.12,2024-01-20 11:28:21.149737
375,Produit_A,62,169.7,10521.4,2024-08-19 11:28:21.149745
376,Produit_D,78,104.94,8185.32,2024-02-03 11:28:21.149755
377,Produit_A,55,75.19,4135.45,2024-02-28 11:28:21.149766
378,Produit_B,56,26.29,1472.24,2023-11-13 11:28:21.149775
379,Produit_C,74,114.2,8450.8,2024-09-20 11:28:21.149786
380,Produit_D,95,137.28,13041.6,2024-03-09 11:28:21.149795
381,Produit_D,7,102.77,719.39,2024-05-26 11:28:21.149803
382,Produit_C,29,161.78,4691.62,2024-06-10 11:28:21.149811
383,Produit_B,72,141.16,10163.52,2023-12-31 11:28:21.149819
384,Produit_A,46,109.82,5051.72,2024-02-16 11:28:21.149827
385,Produit_B,28,81.32,2276.96,2023-11-02 11:28:21.149835
386,Produit_A,93,23.94,2226.42,2023-11-03 11:28:21.149843
387,Produit_D,31,61.46,1905.26,2024-04-23 11:28:21.149851
388,Produit_B,40,149.79,5991.6,2024-03-22 11:28:21.149859
389,Produit_A,24,62.61,1502.64,2024-10-18 11:28:21.149868
390,Produit_D,94,199.1,18715.4,2024-03-15 11:28:21.149877
391,Produit_A,30,144.55,4336.5,2024-02-02 11:28:21.149885
392,Produit_C,46,196.87,9056.02,2024-10-07 11:28:21.149893
393,Produit_D,95,179.61,17062.95,2023-12-29 11:28:21.149900
394,Produit_D,100,45.55,4555.0,2024-07-22 11:28:21.149909
395,Produit_A,57,12.17,693.69,2024-06-10 11:28:21.149916
396,Produit_B,96,166.37,15971.52,2024-09-17 11:28:21.149924
397,Produit_C,72,111.52,8029.44,2023-10-24 11:28:21.149931
398,Produit_A,30,56.45,1693.5,2024-06-06 11:28:21.149940
399,Produit_E,74,120.4,8909.6,2024-01-19 11:28:21.149947
400,Produit_B,49,96.82,4744.18,2024-10-01 11:28:21.149956
401,Produit_C,87,161.67,14065.29,2023-10-28 11:28:21.149964
402,Produit_B,57,156.83,8939.31,2024-05-05 11:28:21.149971
403,Produit_B,36,144.97,5218.92,2024-05-19 11:28:21.149979
404,Produit_C,78,174.48,13609.44,2024-02-19 11:28:21.149987
405,Produit_A,45,118.74,5343.3,2023-11-27 11:28:21.149995
406,Produit_B,56,138.5,7756.0,2024-03-08 11:28:21.150003
407,Produit_C,51,168.82,8609.82,2023-11-11 11:28:21.150011
408,Produit_B,54,31.89,1722.06,2024-08-25 11:28:21.150019
409,Produit_B,7,191.98,1343.86,2024-02-27 11:28:21.150029
410,Produit_A,12,31.38,376.56,2023-10-24 11:28:21.150038
411,Produit_C,44,185.44,8159.36,2024-09-19 11:28:21.150046
412,Produit_D,66,77.85,5138.1,2024-01-12 11:28:21.150055
413,Produit_B,89,153.76,13684.64,2023-11-14 11:28:21.150063
414,Produit_D,11,99.11,1090.21,2024-01-23 11:28:21.150071
415,Produit_E,30,67.73,2031.9,2024-01-14 11:28:21.150079
416,Produit_E,15,100.35,1505.25,2024-01-25 11:28:21.150087
417,Produit_A,12,24.08,288.96,2024-09-20 11:28:21.150095
418,Produit_C,59,61.23,3612.57,2024-03-27 11:28:21.150103
419,Produit_B,48,191.99,9215.52,2023-11-07 11:28:21.150111
420,Produit_D,33,72.92,2406.36,2024-10-18 11:28:21.150124
421,Produit_A,51,171.35,8738.85,2024-05-25 11:28:21.150133
422,Produit_D,33,79.04,2608.32,2023-11-09 11:28:21.150145
423,Produit_A,21,149.61,3141.81,2023-12-12 11:28:21.150154
424,Produit_A,96,125.6,12057.6,2023-12-19 11:28:21.150162
425,Produit_C,5,42.17,210.85,2024-06-13 11:28:21.150170
426,Produit_C,75,193.92,14544.0,2023-12-10 11:28:21.150178
427,Produit_A,9,30.39,273.51,2024-06-22 11:28:21.150186
428,Produit_E,45,80.08,3603.6,2024-03-31 11:28:21.150194
429,Produit_D,94,71.0,6674.0,2023-12-23 11:28:21.150203
430,Produit_D,91,145.08,13202.28,2024-08-24 11:28:21.150210
431,Produit_E,54,83.7,4519.8,2023-10-25 11:28:21.150218
432,Produit_B,10,185.65,1856.5,2024-07-05 11:28:21.150225
433,Produit_D,80,155.39,12431.2,2024-06-01 11:28:21.150233
434,Produit_A,27,102.78,2775.06,2023-11-04 11:28:21.150241
435,Produit_B,73,148.27,10823.71,2023-11-17 11:28:21.150249
436,Produit_E,58,60.18,3490.44,2024-06-11 11:28:21.150256
437,Produit_E,13,182.58,2373.54,2024-09-21 11:28:21.150264
438,Produit_A,36,82.42,2967.12,2023-10-25 11:28:21.150271
439,Produit_E,88,121.19,10664.72,2024-01-27 11:28:21.150279
440,Produit_C,31,108.47,3362.57,2024-07-23 11:28:21.150287
441,Produit_E,16,173.86,2781.76,2024-05-23 11:28:21.150295
442,Produit_D,65,80.99,5264.35,2024-10-09 11:28:21.150303
443,Produit_E,76,21.88,1662.88,2023-12-13 11:28:21.150311
444,Produit_E,96,199.76,19176.96,2024-07-13 11:28:21.150318
445,Produit_A,6,113.44,680.64,2024-04-30 11:28:21.150326
446,Produit_D,40,68.04,2721.6,2023-12-08 11:28:21.150333
447,Produit_B,30,198.22,5946.6,2024-08-07 11:28:21.150341
448,Produit_B,53,58.38,3094.14,2024-07-09 11:28:21.150349
449,Produit_B,48,54.28,2605.44,2024-09-09 11:28:21.150357
450,Produit_B,66,105.7,6976.2,2024-08-15 11:28:21.150365
451,Produit_B,8,87.06,696.48,2023-10-19 11:28:21.150373
452,Produit_E,4,19.22,76.88,2023-11-19 11:28:21.150381
453,Produit_E,100,185.64,18564.0,2024-07-06 11:28:21.150389
454,Produit_B,72,198.85,14317.2,2024-03-01 11:28:21.150397
455,Produit_C,20,188.98,3779.6,2024-02-07 11:28:21.150405
456,Produit_D,22,62.38,1372.36,2024-09-20 11:28:21.150414
457,Produit_D,76,75.8,5760.8,2023-12-30 11:28:21.150422
458,Produit_B,1,25.88,25.88,2024-05-24 11:28:21.150429
459,Produit_E,42,54.16,2274.72,2024-02-08 11:28:21.150437
460,Produit_D,29,81.12,2352.48,2024-07-25 11:28:21.150445
461,Produit_E,88,175.82,15472.16,2024-08-01 11:28:21.150454
462,Produit_C,27,14.64,395.28,2024-02-28 11:28:21.150468
463,Produit_B,12,123.6,1483.2,2024-04-28 11:28:21.150477
464,Produit_B,6,137.98,827.88,2024-08-16 11:28:21.150488
465,Produit_B,4,108.41,433.64,2024-03-06 11:28:21.150496
466,Produit_A,18,174.88,3147.84,2024-10-02 11:28:21.150505
467,Produit_E,31,161.2,4997.2,2024-06-09 11:28:21.150513
468,Produit_C,5,100.03,500.15,2024-06-12 11:28:21.150521
469,Produit_E,62,32.77,2031.74,2024-03-16 11:28:21.150529
470,Produit_B,82,193.8,15891.6,2024-09-12 11:28:21.150538
471,Produit_C,79,121.74,9617.46,2024-06-12 11:28:21.150546
472,Produit_B,26,80.74,2099.24,2024-01-07 11:28:21.150554
473,Produit_B,11,78.99,868.89,2024-07-28 11:28:21.150564
474,Produit_A,64,102.32,6548.48,2024-08-13 11:28:21.150573
475,Produit_B,27,150.5,4063.5,2024-05-22 11:28:21.150581
476,Produit_E,54,108.0,5832.0,2024-09-14 11:28:21.150589
477,Produit_E,17,192.64,3274.88,2024-03-11 11:28:21.150597
478,Produit_E,96,78.63,7548.48,2024-01-21 11:28:21.150604
479,Produit_D,46,79.71,3666.66,2024-09-01 11:28:21.150613
480,Produit_D,57,138.48,7893.36,2024-07-16 11:28:21.150621
481,Produit_A,26,51.65,1342.9,2023-12-24 11:28:21.150629
482,Produit_E,85,149.68,12722.8,2024-02-12 11:28:21.150637
483,Produit_E,69,52.17,3599.73,2024-02-11 11:28:21.150645
484,Produit_B,6,27.72,166.32,2024-09-12 11:28:21.150652
485,Produit_B,68,71.18,4840.24,2024-06-23 11:28:21.150660
486,Produit_D,15,104.15,1562.25,2024-08-15 11:28:21.150668
487,Produit_C,49,153.3,7511.7,2024-04-08 11:28:21.150676
488,Produit_A,15,17.27,259.05,2024-07-01 11:28:21.150683
489,Produit_A,50,96.65,4832.5,2024-10-13 11:28:21.150691
490,Produit_A,86,123.38,10610.68,2024-04-05 11:28:21.150699
491,Produit_C,38,97.62,3709.56,2024-08-25 11:28:21.150708
492,Produit_C,44,176.32,7758.08,2024-07-22 11:28:21.150716
493,Produit_D,43,171.46,7372.78,2024-09-14 11:28:21.150723
494,Produit_E,92,138.09,12704.28,2023-12-08 11:28:21.150731
495,Produit_A,64,188.68,12075.52,2024-05-29 11:28:21.150739
496,Produit_C,24,111.92,2686.08,2024-05-07 11:28:21.150747
497,Produit_A,37,63.94,2365.78,2024-08-22 11:28:21.150754
498,Produit_B,19,116.98,2222.62,2024-08-14 11:28:21.150762
499,Produit_B,49,63.51,3111.99,2024-06-23 11:28:21.150770
500,Produit_B,66,119.95,7916.7,2024-05-24 11:28:21.150778
501,Produit_E,27,51.32,1385.64,2023-10-26 11:28:21.150786
502,Produit_B,81,159.98,12958.38,2023-10-24 11:28:21.150794
503,Produit_E,67,47.8,3202.6,2023-11-29 11:28:21.150801
504,Produit_B,90,182.56,16430.4,2024-07-29 11:28:21.150812
505,Produit_E,10,49.64,496.4,2023-11-13 11:28:21.150820
506,Produit_A,64,132.51,8480.64,2024-07-08 11:28:21.150832
507,Produit_A,28,103.38,2894.64,2024-01-28 11:28:21.150840
508,Produit_A,88,30.65,2697.2,2024-06-07 11:28:21.150849
509,Produit_D,71,13.71,973.41,2023-12-20 11:28:21.150857
510,Produit_C,13,42.7,555.1,2024-07-27 11:28:21.150866
511,Produit_E,96,197.87,18995.52,2024-10-05 11:28:21.150874
512,Produit_B,29,140.0,4060.0,2024-10-02 11:28:21.150883
513,Produit_E,59,104.73,6179.07,2024-04-22 11:28:21.150895
514,Produit_B,77,67.44,5192.88,2024-03-08 11:28:21.150904
515,Produit_D,13,112.74,1465.62,2024-05-19 11:28:21.150912
516,Produit_C,70,172.22,12055.4,2024-01-19 11:28:21.150920
517,Produit_B,100,28.9,2890.0,2024-04-10 11:28:21.150928
518,Produit_D,30,52.24,1567.2,2024-05-30 11:28:21.150937
519,Produit_A,99,33.82,3348.18,2024-04-26 11:28:21.150944
520,Produit_D,32,187.52,6000.64,2024-01-07 11:28:21.150952
521,Produit_E,42,181.24,7612.08,2024-07-28 11:28:21.150960
522,Produit_E,36,118.7,4273.2,2024-03-08 11:28:21.150970
523,Produit_E,52,43.46,2259.92,2024-09-05 11:28:21.150978
524,Produit_A,78,150.39,11730.42,2024-03-06 11:28:21.150986
525,Produit_A,25,26.19,654.75,2024-03-21 11:28:21.150994
526,Produit_B,67,163.06,10925.02,2024-02-11 11:28:21.151001
527,Produit_B,29,116.62,3381.98,2024-05-27 11:28:21.151010
528,Produit_A,13,42.1,547.3,2024-07-05 11:28:21.151017
529,Produit_B,22,112.38,2472.36,2024-03-02 11:28:21.151025
530,Produit_C,94,62.37,5862.78,2023-12-09 11:28:21.151033
531,Produit_E,67,124.37,8332.79,2024-02-07 11:28:21.151041
532,Produit_C,61,198.63,12116.43,2024-05-12 11:28:21.151048
533,Produit_A,96,183.34,17600.64,2024-06-27 11:28:21.151056
534,Produit_A,20,38.62,772.4,2024-09-28 11:28:21.151064
535,Produit_B,9,45.73,411.57,2024-01-25 11:28:21.151073
536,Produit_D,51,107.66,5490.66,2024-10-13 11:28:21.151080
537,Produit_C,27,172.4,4654.8,2024-08-12 11:28:21.151092
538,Produit_C,61,44.76,2730.36,2024-02-17 11:28:21.151100
539,Produit_C,65,156.01,10140.65,2024-01-01 11:28:21.151108
540,Produit_E,19,75.81,1440.39,2024-06-26 11:28:21.151117
541,Produit_B,52,105.56,5489.12,2023-11-11 11:28:21.151125
542,Produit_B,33,21.7,716.1,2024-04-25 11:28:21.151133
543,Produit_D,79,151.09,11936.11,2023-11-20 11:28:21.151141
544,Produit_B,61,155.97,9514.17,2024-02-18 11:28:21.151150
545,Produit_C,38,19.43,738.34,2024-07-16 11:28:21.151158
546,Produit_D,55,74.07,4073.85,2024-03-26 11:28:21.151165
547,Produit_A,70,120.29,8420.3,2024-06-24 11:28:21.151176
548,Produit_D,34,29.35,997.9,2023-11-21 11:28:21.151186
549,Produit_E,18,57.35,1032.3,2024-02-11 11:28:21.151197
550,Produit_C,65,179.39,11660.35,2024-07-11 11:28:21.151206
551,Produit_C,75,99.73,7479.75,2023-11-17 11:28:21.151214
552,Produit_A,71,108.79,7724.09,2024-03-21 11:28:21.151222
553,Produit_B,88,13.18,1159.84,2024-09-22 11:28:21.151230
554,Produit_A,31,193.61,6001.91,2024-01-21 11:28:21.151238
555,Produit_C,43,91.43,3931.49,2024-05-18 11:28:21.151246
556,Produit_D,40,184.51,7380.4,2024-09-17 11:28:21.151254
557,Produit_E,59,64.55,3808.45,2024-06-02 11:28:21.151262
558,Produit_B,55,86.46,4755.3,2024-09-07 11:28:21.151270
559,Produit_A,27,79.05,2134.35,2024-03-04 11:28:21.151277
560,Produit_D,15,60.32,904.8,2024-04-11 11:28:21.151285
561,Produit_E,57,46.03,2623.71,2024-06-20 11:28:21.151293
562,Produit_A,99,91.61,9069.39,2024-06-01 11:28:21.151301
563,Produit_E,68,31.96,2173.28,2023-11-20 11:28:21.151309
564,Produit_B,37,171.18,6333.66,2024-10-18 11:28:21.151316
565,Produit_B,98,151.74,14870.52,2024-08-30 11:28:21.151324
566,Produit_B,28,29.12,815.36,2024-02-01 11:28:21.151332
567,Produit_D,61,135.69,8277.09,2024-05-09 11:28:21.151340
568,Produit_A,68,135.52,9215.36,2024-04-02 11:28:21.151347
569,Produit_B,2,136.12,272.24,2024-02-22 11:28:21.151355
570,Produit_E,60,140.15,8409.0,2024-06-25 11:28:21.151362
571,Produit_A,71,141.01,10011.71,2024-08-27 11:28:21.151370
572,Produit_C,64,28.22,1806.08,2024-07-22 11:28:21.151378
573,Produit_B,93,48.17,4479.81,2023-11-27 11:28:21.151385
574,Produit_D,86,36.27,3119.22,2024-01-10 11:28:21.151393
575,Produit_B,50,178.26,8913.0,2024-02-27 11:28:21.151401
576,Produit_C,88,68.27,6007.76,2023-12-29 11:28:21.151408
577,Produit_B,99,135.39,13403.61,2024-07-17 11:28:21.151416
578,Produit_E,52,65.33,3397.16,2024-01-19 11:28:21.151425
579,Produit_E,68,146.88,9987.84,2024-04-27 11:28:21.151433
580,Produit_C,95,116.55,11072.25,2024-01-07 11:28:21.151442
581,Produit_B,74,97.1,7185.4,2024-08-15 11:28:21.151449
582,Produit_B,23,59.43,1366.89,2023-11-30 11:28:21.151457
583,Produit_E,83,103.93,8626.19,2024-07-17 11:28:21.151465
584,Produit_C,36,103.09,3711.24,2024-10-07 11:28:21.151473
585,Produit_C,73,70.84,5171.32,2024-03-15 11:28:21.151480
586,Produit_B,17,33.06,562.02,2024-04-12 11:28:21.151488
587,Produit_D,84,94.35,7925.4,2024-06-25 11:28:21.151496
588,Produit_D,45,109.63,4933.35,2024-08-03 11:28:21.151504
589,Produit_C,98,199.65,19565.7,2024-03-25 11:28:21.151512
590,Produit_E,85,45.1,3833.5,2024-07-12 11:28:21.151523
591,Produit_C,74,63.97,4733.78,2024-01-10 11:28:21.151533
592,Produit_E,86,72.75,6256.5,2024-05-25 11:28:21.151546
593,Produit_A,94,83.88,7884.72,2023-11-05 11:28:21.151554
594,Produit_D,1,144.1,144.1,2024-05-05 11:28:21.151562
595,Produit_D,37,23.67,875.79,2024-07-26 11:28:21.151570
596,Produit_C,49,19.62,961.38,2024-09-06 11:28:21.151578
597,Produit_D,15,145.06,2175.9,2024-07-06 11:28:21.151587
598,Produit_E,66,111.47,7357.02,2024-09-27 11:28:21.151594
599,Produit_A,53,67.41,3572.73,2024-01-20 11:28:21.151601
600,Produit_A,86,100.16,8613.76,2024-05-21 11:28:21.151610
601,Produit_D,91,46.77,4256.07,2024-01-05 11:28:21.151620
602,Produit_D,13,94.86,1233.18,2024-05-10 11:28:21.151629
603,Produit_B,99,73.47,7273.53,2024-04-23 11:28:21.151638
604,Produit_A,9,166.5,1498.5,2024-06-04 11:28:21.151646
605,Produit_B,22,101.34,2229.48,2024-09-14 11:28:21.151654
606,Produit_E,42,84.41,3545.22,2023-12-24 11:28:21.151662
607,Produit_A,70,191.7,13419.0,2024-02-13 11:28:21.151670
608,Produit_B,58,199.35,11562.3,2024-01-20 11:28:21.151679
609,Produit_C,92,127.54,11733.68,2023-12-06 11:28:21.151687
610,Produit_C,67,77.59,5198.53,2024-05-16 11:28:21.151695
611,Produit_A,3,190.81,572.43,2024-04-22 11:28:21.151703
612,Produit_C,9,13.37,120.33,2023-12-23 11:28:21.151710
613,Produit_E,12,80.89,970.68,2024-01-20 11:28:21.151718
614,Produit_E,50,39.16,1958.0,2023-12-24 11:28:21.151726
615,Produit_D,81,167.17,13540.77,2024-05-19 11:28:21.151734
616,Produit_E,69,168.03,11594.07,2023-12-24 11:28:21.151742
617,Produit_C,33,95.54,3152.82,2023-10-19 11:28:21.151750
618,Produit_B,14,46.46,650.44,2023-12-28 11:28:21.151757
619,Produit_A,1,52.36,52.36,2024-06-30 11:28:21.151765
620,Produit_A,100,182.5,18250.0,2024-07-03 11:28:21.151774
621,Produit_B,65,51.79,3366.35,2024-01-07 11:28:21.151782
622,Produit_B,20,28.98,579.6,2024-03-13 11:28:21.151790
623,Produit_D,86,55.48,4771.28,2024-08-07 11:28:21.151798
624,Produit_C,80,176.11,14088.8,2024-06-17 11:28:21.151806
625,Produit_A,10,81.35,813.5,2024-09-15 11:28:21.151814
626,Produit_C,8,53.01,424.08,2024-04-04 11:28:21.151822
627,Produit_C,35,37.3,1305.5,2024-04-29 11:28:21.151831
628,Produit_D,17,195.58,3324.86,2024-08-08 11:28:21.151839
629,Produit_C,32,167.88,5372.16,2024-09-20 11:28:21.151847
630,Produit_D,30,86.15,2584.5,2023-12-03 11:28:21.151855
631,Produit_B,54,44.34,2394.36,2024-04-09 11:28:21.151862
632,Produit_C,38,162.49,6174.62,2024-05-23 11:28:21.151874
633,Produit_B,65,76.89,4997.85,2023-10-21 11:28:21.151882
634,Produit_B,5,111.26,556.3,2024-01-05 11:28:21.151895
635,Produit_B,43,194.99,8384.57,2024-09-09 11:28:21.151903
636,Produit_E,24,94.13,2259.12,2023-10-24 11:28:21.151912
637,Produit_A,60,70.71,4242.6,2023-12-30 11:28:21.151919
638,Produit_D,19,10.0,190.0,2023-12-15 11:28:21.151928
639,Produit_B,60,111.93,6715.8,2024-09-21 11:28:21.151937
640,Produit_D,95,165.88,15758.6,2023-12-13 11:28:21.151944
641,Produit_A,8,199.53,1596.24,2024-03-14 11:28:21.151952
642,Produit_C,19,99.15,1883.85,2024-02-27 11:28:21.151960
643,Produit_D,47,25.17,1182.99,2023-11-02 11:28:21.151968
644,Produit_A,58,45.28,2626.24,2024-01-18 11:28:21.151976
645,Produit_E,24,157.7,3784.8,2024-02-23 11:28:21.151985
646,Produit_A,86,26.41,2271.26,2023-12-20 11:28:21.151993
647,Produit_A,54,133.1,7187.4,2024-05-25 11:28:21.152001
648,Produit_D,41,88.49,3628.09,2024-09-14 11:28:21.152009
649,Produit_C,72,188.09,13542.48,2024-03-20 11:28:21.152018
650,Produit_A,11,113.33,1246.63,2023-12-26 11:28:21.152026
651,Produit_E,88,140.76,12386.88,2024-08-27 11:28:21.152034
652,Produit_B,53,147.84,7835.52,2024-06-02 11:28:21.152042
653,Produit_A,23,163.52,3760.96,2024-02-29 11:28:21.152051
654,Produit_C,6,15.92,95.52,2024-05-28 11:28:21.152059
655,Produit_C,31,25.59,793.29,2024-09-21 11:28:21.152067
656,Produit_B,79,187.19,14788.01,2024-05-17 11:28:21.152076
657,Produit_E,64,130.42,8346.88,2024-04-11 11:28:21.152084
658,Produit_E,23,92.11,2118.53,2023-12-07 11:28:21.152122
659,Produit_B,44,51.7,2274.8,2024-05-05 11:28:21.152132
660,Produit_A,34,193.12,6566.08,2024-03-02 11:28:21.152141
661,Produit_B,28,188.51,5278.28,2024-02-09 11:28:21.152149
662,Produit_C,76,136.9,10404.4,2024-10-11 11:28:21.152157
663,Produit_C,88,144.03,12674.64,2024-07-03 11:28:21.152165
664,Produit_C,6,133.18,799.08,2024-05-05 11:28:21.152176
665,Produit_A,62,82.0,5084.0,2023-12-27 11:28:21.152260
666,Produit_C,20,55.77,1115.4,2024-06-13 11:28:21.152269
667,Produit_D,50,128.29,6414.5,2023-12-13 11:28:21.152277
668,Produit_E,38,103.76,3942.88,2024-09-10 11:28:21.152284
669,Produit_B,19,105.87,2011.53,2024-01-21 11:28:21.152292
670,Produit_B,51,84.7,4319.7,2024-03-02 11:28:21.152300
671,Produit_B,14,18.27,255.78,2024-06-02 11:28:21.152308
672,Produit_D,96,192.57,18486.72,2024-05-23 11:28:21.152316
673,Produit_C,84,53.45,4489.8,2024-09-18 11:28:21.152325
674,Produit_B,80,177.77,14221.6,2024-03-29 11:28:21.152336
675,Produit_E,5,139.07,695.35,2023-12-11 11:28:21.152344
676,Produit_C,6,89.07,534.42,2024-09-24 11:28:21.152369
677,Produit_C,56,150.69,8438.64,2024-09-21 11:28:21.152377
678,Produit_C,53,93.65,4963.45,2024-06-25 11:28:21.152385
679,Produit_D,75,61.01,4575.75,2024-08-08 11:28:21.152394
680,Produit_C,84,180.36,15150.24,2024-02-22 11:28:21.152402
681,Produit_A,90,37.94,3414.6,2024-04-26 11:28:21.152410
682,Produit_D,23,98.22,2259.06,2023-11-30 11:28:21.152419
683,Produit_E,8,122.12,976.96,2024-08-20 11:28:21.152426
684,Produit_B,38,96.29,3659.02,2023-12-14 11:28:21.152435
685,Produit_A,88,32.69,2876.72,2024-01-15 11:28:21.152442
686,Produit_E,13,184.69,2400.97,2024-09-11 11:28:21.152450
687,Produit_C,31,92.24,2859.44,2023-11-05 11:28:21.152458
688,Produit_D,68,17.46,1187.28,2024-01-06 11:28:21.152467
689,Produit_B,56,92.56,5183.36,2024-02-13 11:28:21.152476
690,Produit_E,85,55.35,4704.75,2024-04-19 11:28:21.152486
691,Produit_C,10,168.43,1684.3,2024-02-28 11:28:21.152496
692,Produit_B,97,161.73,15687.81,2024-08-21 11:28:21.152505
693,Produit_B,9,29.74,267.66,2024-09-19 11:28:21.152514
694,Produit_A,16,82.16,1314.56,2024-05-09 11:28:21.152523
695,Produit_D,62,27.31,1693.22,2024-06-25 11:28:21.152532
696,Produit_B,60,138.24,8294.4,2023-12-01 11:28:21.152541
697,Produit_B,32,40.65,1300.8,2024-08-03 11:28:21.152551
698,Produit_D,17,24.6,418.2,2024-01-06 11:28:21.152560
699,Produit_B,17,55.05,935.85,2024-08-03 11:28:21.152570
700,Produit_A,84,69.73,5857.32,2023-11-16 11:28:21.152579
701,Produit_E,15,71.15,1067.25,2024-07-17 11:28:21.152589
702,Produit_A,7,47.05,329.35,2024-07-28 11:28:21.152598
703,Produit_C,33,22.34,737.22,2024-04-22 11:28:21.152607
704,Produit_D,55,41.73,2295.15,2024-01-24 11:28:21.152617
705,Produit_B,76,15.06,1144.56,2024-03-23 11:28:21.152627
706,Produit_E,69,139.11,9598.59,2023-10-25 11:28:21.152636
707,Produit_E,16,69.46,1111.36,2024-03-31 11:28:21.152645
708,Produit_B,25,53.6,1340.0,2024-06-28 11:28:21.152655
709,Produit_C,72,109.63,7893.36,2024-09-19 11:28:21.152664
710,Produit_E,20,30.73,614.6,2024-10-05 11:28:21.152673
711,Produit_D,77,114.59,8823.43,2024-08-02 11:28:21.152683
712,Produit_B,3,36.57,109.71,2024-04-05 11:28:21.152693
713,Produit_D,29,21.78,631.62,2024-04-04 11:28:21.152702
714,Produit_E,87,60.04,5223.48,2023-12-30 11:28:21.152711
715,Produit_C,20,158.89,3177.8,2023-11-12 11:28:21.152720
716,Produit_E,94,119.39,11222.66,2023-12-10 11:28:21.152730
717,Produit_B,85,62.35,5299.75,2024-03-06 11:28:21.152744
718,Produit_E,33,21.13,697.29,2024-02-01 11:28:21.152754
719,Produit_D,17,131.78,2240.26,2024-07-27 11:28:21.152767
720,Produit_B,33,129.68,4279.44,2024-03-04 11:28:21.152777
721,Produit_A,86,67.96,5844.56,2024-02-19 11:28:21.152786
722,Produit_B,39,82.11,3202.29,2024-09-23 11:28:21.152796
723,Produit_C,54,28.56,1542.24,2024-04-21 11:28:21.152805
724,Produit_B,64,93.64,5992.96,2023-11-21 11:28:21.152815
725,Produit_C,96,45.71,4388.16,2024-03-11 11:28:21.152824
726,Produit_C,99,185.49,18363.51,2024-06-16 11:28:21.152833
727,Produit_B,98,167.16,16381.68,2024-06-16 11:28:21.152843
728,Produit_B,43,131.22,5642.46,2023-12-04 11:28:21.152856
729,Produit_D,93,49.06,4562.58,2024-05-22 11:28:21.152867
730,Produit_A,82,196.2,16088.4,2023-12-12 11:28:21.152876
731,Produit_A,45,70.88,3189.6,2023-12-10 11:28:21.152886
732,Produit_B,50,60.75,3037.5,2024-06-28 11:28:21.152895
733,Produit_E,47,129.37,6080.39,2024-06-02 11:28:21.152905
734,Produit_B,94,58.53,5501.82,2023-12-17 11:28:21.152914
735,Produit_C,36,89.27,3213.72,2024-02-15 11:28:21.152923
736,Produit_D,65,172.37,11204.05,2024-03-01 11:28:21.152933
737,Produit_B,37,195.3,7226.1,2024-08-13 11:28:21.152942
738,Produit_B,53,120.68,6396.04,2024-05-24 11:28:21.152951
739,Produit_A,77,151.03,11629.31,2024-10-06 11:28:21.152961
740,Produit_E,26,168.1,4370.6,2024-02-13 11:28:21.152971
741,Produit_C,35,164.86,5770.1,2024-06-17 11:28:21.152982
742,Produit_E,22,169.08,3719.76,2024-06-22 11:28:21.152998
743,Produit_D,19,162.35,3084.65,2024-06-03 11:28:21.153016
744,Produit_B,76,151.86,11541.36,2024-07-15 11:28:21.153034
745,Produit_E,73,194.7,14213.1,2024-07-22 11:28:21.153050
746,Produit_A,57,85.57,4877.49,2024-01-12 11:28:21.153066
747,Produit_D,62,12.52,776.24,2024-02-19 11:28:21.153084
748,Produit_E,46,135.51,6233.46,2024-07-19 11:28:21.153101
749,Produit_A,16,79.97,1279.52,2024-06-19 11:28:21.153119
750,Produit_D,77,124.54,9589.58,2024-06-05 11:28:21.153136
751,Produit_B,48,128.03,6145.44,2024-07-14 11:28:21.153152
752,Produit_A,50,65.62,3281.0,2024-08-05 11:28:21.153169
753,Produit_B,10,82.56,825.6,2024-07-08 11:28:21.153185
754,Produit_D,85,67.34,5723.9,2023-10-23 11:28:21.153201
755,Produit_A,38,106.65,4052.7,2024-03-03 11:28:21.153219
756,Produit_D,11,15.94,175.34,2024-04-17 11:28:21.153235
757,Produit_D,59,46.34,2734.06,2024-01-19 11:28:21.153252
758,Produit_A,14,82.77,1158.78,2024-01-31 11:28:21.153270
759,Produit_D,66,179.93,11875.38,2024-03-19 11:28:21.153288
760,Produit_D,82,163.43,13401.26,2024-06-01 11:28:21.153312
761,Produit_E,25,174.43,4360.75,2024-01-29 11:28:21.153331
762,Produit_E,10,105.26,1052.6,2024-01-29 11:28:21.153356
763,Produit_E,83,55.64,4618.12,2024-08-06 11:28:21.153375
764,Produit_D,19,28.92,549.48,2023-11-16 11:28:21.153392
765,Produit_D,77,198.24,15264.48,2024-04-05 11:28:21.153409
766,Produit_A,20,180.38,3607.6,2024-07-12 11:28:21.153428
767,Produit_E,64,49.31,3155.84,2024-09-09 11:28:21.153444
768,Produit_C,60,87.58,5254.8,2024-03-26 11:28:21.153462
769,Produit_B,86,180.74,15543.64,2024-06-02 11:28:21.153478
770,Produit_E,7,196.91,1378.37,2024-03-13 11:28:21.153496
771,Produit_C,72,22.18,1596.96,2024-06-03 11:28:21.153513
772,Produit_A,57,99.94,5696.58,2023-12-16 11:28:21.153530
773,Produit_B,40,103.62,4144.8,2024-02-21 11:28:21.153548
774,Produit_E,34,167.06,5680.04,2024-09-27 11:28:21.153564
775,Produit_D,93,66.21,6157.53,2024-06-05 11:28:21.153581
776,Produit_C,75,149.02,11176.5,2024-08-11 11:28:21.153598
777,Produit_E,22,12.51,275.22,2024-08-28 11:28:21.153615
778,Produit_A,59,103.65,6115.35,2024-01-03 11:28:21.153632
779,Produit_C,45,14.04,631.8,2024-08-20 11:28:21.153649
780,Produit_E,5,178.31,891.55,2024-08-28 11:28:21.153666
781,Produit_B,10,65.69,656.9,2024-03-21 11:28:21.153683
782,Produit_E,65,19.63,1275.95,2024-04-30 11:28:21.153700
783,Produit_B,19,124.77,2370.63,2024-02-26 11:28:21.153717
784,Produit_C,14,30.94,433.16,2024-03-08 11:28:21.153736
785,Produit_B,20,72.77,1455.4,2023-12-22 11:28:21.153753
786,Produit_B,31,22.76,705.56,2023-12-27 11:28:21.153771
787,Produit_A,12,61.58,738.96,2024-01-23 11:28:21.153789
788,Produit_E,10,55.95,559.5,2023-11-27 11:28:21.153808
789,Produit_B,45,32.42,1458.9,2024-03-26 11:28:21.153826
790,Produit_A,99,166.75,16508.25,2024-09-20 11:28:21.153843
791,Produit_D,80,171.56,13724.8,2024-08-22 11:28:21.153860
792,Produit_C,6,21.91,131.46,2024-07-17 11:28:21.153883
793,Produit_A,94,157.71,14824.74,2024-10-03 11:28:21.153902
794,Produit_E,54,161.95,8745.3,2024-01-19 11:28:21.153919
795,Produit_B,19,184.41,3503.79,2023-11-23 11:28:21.153929
796,Produit_A,52,124.59,6478.68,2024-04-15 11:28:21.153937
797,Produit_B,86,138.81,11937.66,2024-04-18 11:28:21.153945
798,Produit_A,88,137.46,12096.48,2024-08-24 11:28:21.153953
799,Produit_E,66,112.16,7402.56,2024-01-13 11:28:21.153962
800,Produit_B,16,182.98,2927.68,2024-02-01 11:28:21.153970
801,Produit_E,94,88.43,8312.42,2024-09-13 11:28:21.153978
802,Produit_E,67,102.48,6866.16,2024-03-17 11:28:21.153989
803,Produit_A,72,190.45,13712.4,2024-09-19 11:28:21.153998
804,Produit_A,91,170.57,15521.87,2024-05-19 11:28:21.154010
805,Produit_B,84,91.84,7714.56,2024-06-12 11:28:21.154018
806,Produit_D,52,118.83,6179.16,2024-06-30 11:28:21.154026
807,Produit_E,12,118.26,1419.12,2023-12-23 11:28:21.154034
808,Produit_D,18,64.13,1154.34,2024-07-04 11:28:21.154041
809,Produit_E,94,72.61,6825.34,2024-03-28 11:28:21.154049
810,Produit_E,56,18.4,1030.4,2024-06-22 11:28:21.154057
811,Produit_B,33,23.31,769.23,2024-03-06 11:28:21.154065
812,Produit_D,96,109.78,10538.88,2023-11-21 11:28:21.154073
813,Produit_C,47,187.19,8797.93,2024-01-25 11:28:21.154081
814,Produit_D,6,167.62,1005.72,2024-06-02 11:28:21.154089
815,Produit_D,35,22.87,800.45,2024-09-01 11:28:21.154097
816,Produit_A,65,149.74,9733.1,2024-09-27 11:28:21.154104
817,Produit_D,58,134.72,7813.76,2024-02-16 11:28:21.154112
818,Produit_B,85,163.61,13906.85,2024-04-05 11:28:21.154120
819,Produit_A,73,63.27,4618.71,2023-12-28 11:28:21.154128
820,Produit_C,19,102.3,1943.7,2024-05-29 11:28:21.154135
821,Produit_B,88,174.12,15322.56,2024-06-22 11:28:21.154144
822,Produit_A,31,175.99,5455.69,2024-08-13 11:28:21.154151
823,Produit_E,54,40.4,2181.6,2024-04-26 11:28:21.154159
824,Produit_E,84,126.2,10600.8,2024-03-06 11:28:21.154167
825,Produit_E,20,123.32,2466.4,2024-05-15 11:28:21.154175
826,Produit_E,65,181.46,11794.9,2024-09-02 11:28:21.154183
827,Produit_D,15,128.29,1924.35,2023-11-02 11:28:21.154190
828,Produit_C,9,10.53,94.77,2024-10-15 11:28:21.154198
829,Produit_E,88,142.46,12536.48,2024-01-07 11:28:21.154205
830,Produit_D,39,176.35,6877.65,2024-05-11 11:28:21.154213
831,Produit_C,21,77.6,1629.6,2024-07-10 11:28:21.154221
832,Produit_D,58,54.65,3169.7,2023-12-08 11:28:21.154228
833,Produit_D,94,176.32,16574.08,2023-11-30 11:28:21.154236
834,Produit_E,26,50.64,1316.64,2024-07-31 11:28:21.154243
835,Produit_E,53,64.32,3408.96,2024-04-08 11:28:21.154251
836,Produit_A,45,165.2,7434.0,2023-12-20 11:28:21.154259
837,Produit_A,45,85.87,3864.15,2024-04-19 11:28:21.154267
838,Produit_E,33,95.53,3152.49,2024-04-06 11:28:21.154275
839,Produit_E,25,109.65,2741.25,2024-04-18 11:28:21.154283
840,Produit_C,45,71.56,3220.2,2024-05-13 11:28:21.154295
841,Produit_A,91,104.61,9519.51,2024-06-16 11:28:21.154312
842,Produit_D,11,149.66,1646.26,2023-11-01 11:28:21.154328
843,Produit_D,66,111.1,7332.6,2024-06-21 11:28:21.154346
844,Produit_E,70,94.95,6646.5,2024-10-03 11:28:21.154369
845,Produit_D,19,79.94,1518.86,2024-02-17 11:28:21.154387
846,Produit_A,18,153.71,2766.78,2023-10-20 11:28:21.154409
847,Produit_A,47,126.74,5956.78,2024-09-02 11:28:21.154426
848,Produit_E,65,19.23,1249.95,2024-10-18 11:28:21.154444
849,Produit_B,43,165.79,7128.97,2024-09-28 11:28:21.154463
850,Produit_B,76,50.45,3834.2,2023-11-11 11:28:21.154479
851,Produit_E,86,183.79,15805.94,2024-01-13 11:28:21.154498
852,Produit_A,79,51.93,4102.47,2024-09-11 11:28:21.154516
853,Produit_E,84,109.71,9215.64,2024-05-04 11:28:21.154534
854,Produit_C,6,11.98,71.88,2024-02-18 11:28:21.154551
855,Produit_C,80,59.37,4749.6,2024-04-07 11:28:21.154568
856,Produit_D,9,113.55,1021.95,2023-10-25 11:28:21.154591
857,Produit_C,82,79.7,6535.4,2023-11-23 11:28:21.154609
858,Produit_D,39,146.48,5712.72,2023-10-28 11:28:21.154627
859,Produit_B,81,194.71,15771.51,2024-04-04 11:28:21.154644
860,Produit_B,66,54.26,3581.16,2023-11-08 11:28:21.154661
861,Produit_C,38,182.61,6939.18,2024-06-25 11:28:21.154678
862,Produit_B,10,106.05,1060.5,2024-01-15 11:28:21.154690
863,Produit_B,25,78.04,1951.0,2024-03-08 11:28:21.154699
864,Produit_D,1,108.52,108.52,2024-10-08 11:28:21.154707
865,Produit_B,30,175.21,5256.3,2023-12-17 11:28:21.154715
866,Produit_D,75,116.74,8755.5,2023-11-09 11:28:21.154723
867,Produit_A,33,53.31,1759.23,2024-04-26 11:28:21.154731
868,Produit_B,41,97.58,4000.78,2024-10-07 11:28:21.154739
869,Produit_E,52,193.47,10060.44,2024-09-15 11:28:21.154747
870,Produit_C,97,109.57,10628.29,2023-11-02 11:28:21.154754
871,Produit_B,50,64.21,3210.5,2024-04-27 11:28:21.154762
872,Produit_D,37,132.19,4891.03,2024-06-09 11:28:21.154770
873,Produit_C,95,19.19,1823.05,2024-04-11 11:28:21.154779
874,Produit_E,2,78.4,156.8,2024-09-29 11:28:21.154787
875,Produit_A,85,88.85,7552.25,2024-05-02 11:28:21.154795
876,Produit_C,57,166.8,9507.6,2024-09-30 11:28:21.154803
877,Produit_C,27,65.22,1760.94,2024-09-22 11:28:21.154811
878,Produit_C,33,144.16,4757.28,2024-04-13 11:28:21.154819
879,Produit_D,23,34.42,791.66,2023-12-04 11:28:21.154827
880,Produit_A,98,47.83,4687.34,2024-06-22 11:28:21.154835
881,Produit_C,83,131.92,10949.36,2024-03-24 11:28:21.154843
882,Produit_E,51,14.53,741.03,2023-12-16 11:28:21.154850
883,Produit_B,88,107.89,9494.32,2024-07-21 11:28:21.154859
884,Produit_D,43,26.93,1157.99,2024-05-11 11:28:21.154868
885,Produit_C,57,27.83,1586.31,2024-02-02 11:28:21.154875
886,Produit_D,22,110.25,2425.5,2023-10-20 11:28:21.154883
887,Produit_B,100,130.44,13044.0,2023-12-01 11:28:21.154895
888,Produit_E,21,57.34,1204.14,2023-12-06 11:28:21.154903
889,Produit_D,40,145.0,5800.0,2023-12-09 11:28:21.154915
890,Produit_C,78,38.65,3014.7,2024-02-20 11:28:21.154924
891,Produit_D,76,154.2,11719.2,2024-08-25 11:28:21.154932
892,Produit_C,9,196.65,1769.85,2024-03-13 11:28:21.154940
893,Produit_C,15,72.83,1092.45,2024-04-17 11:28:21.154948
894,Produit_C,32,93.26,2984.32,2023-10-30 11:28:21.154956
895,Produit_B,14,75.24,1053.36,2024-05-30 11:28:21.154964
896,Produit_A,41,77.33,3170.53,2024-07-24 11:28:21.154972
897,Produit_A,15,190.71,2860.65,2023-11-27 11:28:21.154980
898,Produit_C,77,195.92,15085.84,2023-11-01 11:28:21.154988
899,Produit_A,39,108.99,4250.61,2023-11-29 11:28:21.154996
900,Produit_E,3,130.22,390.66,2024-05-19 11:28:21.155005
901,Produit_E,81,81.28,6583.68,2024-04-22 11:28:21.155013
902,Produit_E,91,95.08,8652.28,2024-06-21 11:28:21.155021
903,Produit_C,15,76.52,1147.8,2023-12-23 11:28:21.155029
904,Produit_D,84,197.25,16569.0,2023-11-20 11:28:21.155036
905,Produit_A,20,62.2,1244.0,2024-03-09 11:28:21.155045
906,Produit_B,74,41.78,3091.72,2024-03-26 11:28:21.155053
907,Produit_B,71,82.62,5866.02,2024-05-03 11:28:21.155062
908,Produit_B,80,73.23,5858.4,2023-10-21 11:28:21.155069
909,Produit_A,20,92.53,1850.6,2024-04-09 11:28:21.155077
910,Produit_D,82,89.74,7358.68,2024-02-07 11:28:21.155085
911,Produit_C,3,101.1,303.3,2024-10-07 11:28:21.155093
912,Produit_C,55,111.86,6152.3,2024-02-17 11:28:21.155101
913,Produit_D,71,120.13,8529.23,2024-05-06 11:28:21.155109
914,Produit_C,38,61.0,2318.0,2023-11-15 11:28:21.155117
915,Produit_E,61,131.77,8037.97,2024-05-09 11:28:21.155125
916,Produit_E,12,124.61,1495.32,2024-09-06 11:28:21.155133
917,Produit_C,81,171.91,13924.71,2024-09-12 11:28:21.155141
918,Produit_A,57,187.79,10704.03,2024-04-06 11:28:21.155150
919,Produit_B,19,89.37,1698.03,2024-01-07 11:28:21.155162
920,Produit_B,78,77.42,6038.76,2024-03-17 11:28:21.155171
921,Produit_B,48,138.97,6670.56,2024-08-15 11:28:21.155179
922,Produit_A,52,103.66,5390.32,2024-05-27 11:28:21.155187
923,Produit_D,23,189.25,4352.75,2024-04-23 11:28:21.155196
924,Produit_E,12,157.74,1892.88,2023-11-13 11:28:21.155204
925,Produit_A,95,49.5,4702.5,2024-02-14 11:28:21.155212
926,Produit_D,38,51.18,1944.84,2024-05-31 11:28:21.155220
927,Produit_B,72,69.45,5000.4,2024-01-08 11:28:21.155228
928,Produit_D,20,135.23,2704.6,2024-07-17 11:28:21.155236
929,Produit_C,71,198.76,14111.96,2024-09-08 11:28:21.155244
930,Produit_E,49,104.29,5110.21,2024-06-20 11:28:21.155257
931,Produit_A,86,37.63,3236.18,2024-09-27 11:28:21.155270
932,Produit_E,77,110.25,8489.25,2023-11-08 11:28:21.155295
933,Produit_B,27,78.61,2122.47,2024-06-08 11:28:21.155313
934,Produit_C,43,155.38,6681.34,2024-02-18 11:28:21.155329
935,Produit_D,26,160.88,4182.88,2024-05-25 11:28:21.155347
936,Produit_D,38,27.9,1060.2,2024-08-02 11:28:21.155364
937,Produit_E,1,55.52,55.52,2024-06-22 11:28:21.155381
938,Produit_A,66,193.88,12796.08,2023-11-25 11:28:21.155397
939,Produit_D,15,53.38,800.7,2023-10-27 11:28:21.155415
940,Produit_A,56,105.48,5906.88,2024-05-31 11:28:21.155433
941,Produit_A,5,157.79,788.95,2024-09-09 11:28:21.155464
942,Produit_E,76,158.0,12008.0,2024-09-03 11:28:21.155488
943,Produit_C,92,102.98,9474.16,2024-06-23 11:28:21.155511
944,Produit_C,58,136.28,7904.24,2023-12-25 11:28:21.155536
945,Produit_E,74,101.91,7541.34,2023-12-26 11:28:21.155581
946,Produit_B,11,41.48,456.28,2024-01-06 11:28:21.155620
947,Produit_C,69,155.89,10756.41,2024-06-26 11:28:21.155661
948,Produit_D,10,49.49,494.9,2024-09-24 11:28:21.155704
949,Produit_E,80,11.25,900.0,2024-06-21 11:28:21.155733
950,Produit_B,52,12.44,646.88,2024-06-04 11:28:21.155750
951,Produit_C,17,108.56,1845.52,2023-12-16 11:28:21.155767
952,Produit_C,41,62.96,2581.36,2023-11-25 11:28:21.155785
953,Produit_A,15,181.74,2726.1,2023-11-19 11:28:21.155803
954,Produit_B,35,188.28,6589.8,2024-01-03 11:28:21.155819
955,Produit_B,53,187.73,9949.69,2024-03-25 11:28:21.155837
956,Produit_E,39,101.51,3958.89,2024-01-06 11:28:21.155854
957,Produit_E,20,97.17,1943.4,2024-04-20 11:28:21.155871
958,Produit_E,67,45.91,3075.97,2024-10-14 11:28:21.155887
959,Produit_D,53,36.81,1950.93,2024-02-26 11:28:21.155905
960,Produit_D,25,92.29,2307.25,2023-12-20 11:28:21.155923
961,Produit_B,81,33.83,2740.23,2024-01-19 11:28:21.155940
962,Produit_D,24,116.24,2789.76,2024-08-18 11:28:21.155957
963,Produit_A,89,133.87,11914.43,2023-11-03 11:28:21.155974
964,Produit_A,59,59.44,3506.96,2024-01-03 11:28:21.155992
965,Produit_B,9,15.89,143.01,2024-06-10 11:28:21.156009
966,Produit_B,22,194.66,4282.52,2024-09-08 11:28:21.156026
967,Produit_D,6,144.21,865.26,2024-05-09 11:28:21.156044
968,Produit_C,9,101.96,917.64,2023-11-29 11:28:21.156061
969,Produit_E,58,60.66,3518.28,2023-12-13 11:28:21.156078
970,Produit_E,14,102.98,1441.72,2024-01-11 11:28:21.156137
971,Produit_E,55,137.02,7536.1,2024-09-20 11:28:21.156163
972,Produit_A,65,36.77,2390.05,2024-04-30 11:28:21.156191
973,Produit_B,27,78.88,2129.76,2024-10-03 11:28:21.156209
974,Produit_E,8,104.41,835.28,2024-06-15 11:28:21.156234
975,Produit_E,30,93.58,2807.4,2024-07-08 11:28:21.156252
976,Produit_E,34,75.37,2562.58,2024-03-05 11:28:21.156269
977,Produit_E,74,85.33,6314.42,2023-11-26 11:28:21.156287
978,Produit_A,1,147.03,147.03,2024-07-08 11:28:21.156304
979,Produit_A,71,25.11,1782.81,2023-10-19 11:28:21.156322
980,Produit_E,99,198.59,19660.41,2023-11-28 11:28:21.156330
981,Produit_E,24,178.81,4291.44,2024-08-26 11:28:21.156339
982,Produit_D,66,73.11,4825.26,2024-01-08 11:28:21.156347
983,Produit_A,5,179.66,898.3,2024-08-17 11:28:21.156357
984,Produit_E,81,195.65,15847.65,2024-01-06 11:28:21.156366
985,Produit_E,13,126.71,1647.23,2024-05-20 11:28:21.156374
986,Produit_E,61,38.88,2371.68,2024-04-02 11:28:21.156382
987,Produit_B,95,32.26,3064.7,2023-11-24 11:28:21.156391
988,Produit_A,14,167.8,2349.2,2024-06-09 11:28:21.156399
989,Produit_B,21,94.76,1989.96,2024-06-27 11:28:21.156408
990,Produit_D,94,110.9,10424.6,2024-06-23 11:28:21.156417
991,Produit_A,18,87.48,1574.64,2023-10-31 11:28:21.156425
992,Produit_D,100,72.98,7298.0,2024-06-01 11:28:21.156434
993,Produit_B,64,137.4,8793.6,2024-09-05 11:28:21.156443
994,Produit_B,80,89.3,7144.0,2023-10-24 11:28:21.156452
995,Produit_D,85,176.68,15017.8,2024-01-09 11:28:21.156460
996,Produit_B,22,33.87,745.14,2024-03-13 11:28:21.156468
997,Produit_B,6,86.25,517.5,2023-10-24 11:28:21.156476
998,Produit_D,95,97.01,9215.95,2024-01-05 11:28:21.156485
999,Produit_E,49,94.73,4641.77,2024-05-01 11:28:21.156493
1000,Produit_D,8,61.9,495.2,2024-04-13 11:28:21.156502
